instructor_id,instructor_first_name,instructor_last_name,instructor_gender,instructor_date_of_birth,instructor_hire_date,instructor_salary,instructor_phone,instructor_address,instructor_city,instructor_country,instructor_email,instructor_password,instructor_supervisor,instructor_institution_department_id
1,Sibyl,Genike,Male,8/31/2007,7/14/2008,30766,415-906-1638,5 Waubesa Drive,San Rafael,United States,GenikeSibyl1@Uni.com,Genike1,1,1
2,Tanny,Willgoss,Male,11/14/2013,2/7/1923,42927,570-571-8625,0283 Lindbergh Street,Wilkes Barre,United States,WillgossTanny2@Uni.com,Willgoss2,2,2
3,Willabella,Rickardsson,Female,7/19/1937,9/14/1902,2397,813-584-5316,3 Thackeray Park,Tampa,United States,RickardssonWillabella3@Uni.com,Rickardsson3,3,3
4,Barb,Lockless,Female,5/16/1944,2/15/1966,18383,719-988-8618,4 2nd Court,Colorado Springs,United States,LocklessBarb4@Uni.com,Lockless4,4,4
5,Tildi,Hayer,Female,12/13/1963,12/27/2010,29498,801-135-9490,7 Merrick Circle,Salt Lake City,United States,HayerTildi5@Uni.com,Hayer5,5,5
6,Broderic,Purvess,Male,10/11/1955,8/5/2017,11774,602-730-2474,053 Haas Center,Phoenix,United States,PurvessBroderic6@Uni.com,Purvess6,6,6
7,Grethel,Cockrell,Female,2/22/1929,10/10/1917,9850,217-766-9160,68 Larry Drive,Champaign,United States,CockrellGrethel7@Uni.com,Cockrell7,1,1
8,Lesley,Patey,Female,9/10/2021,1/22/1965,8049,954-169-0148,081 Hanson Hill,Fort Lauderdale,United States,PateyLesley8@Uni.com,Patey8,2,2
9,Siward,Bartoszewicz,Male,6/28/1916,8/27/1983,15643,323-369-0750,3896 West Lane,Long Beach,United States,BartoszewiczSiward9@Uni.com,Bartoszewicz9,3,3
10,Francois,Reeveley,Male,7/24/1932,4/15/1925,10435,212-657-0594,9 Arrowood Drive,Church End,United Kingdom,ReeveleyFrancois10@Uni.com,Reeveley10,4,4
11,Powell,McMurray,Male,10/30/1973,1/31/1986,25111,907-313-2445,926 Texas Park,Anchorage,United States,McMurrayPowell11@Uni.com,McMurray11,5,5
12,Jinny,Corkill,Female,12/6/2012,12/25/2010,22962,214-166-3670,8575 Grim Junction,Denton,United States,CorkillJinny12@Uni.com,Corkill12,6,6
13,Shandie,De Carlo,Female,10/12/2011,11/7/1933,4500,704-992-7043,9 Elgar Parkway,Charlotte,United States,De CarloShandie13@Uni.com,De Carlo13,1,1
14,Vinnie,Gilffilland,Male,6/12/1945,5/31/2013,34795,614-586-7370,0 Sachtjen Crossing,Columbus,United States,GilffillandVinnie14@Uni.com,Gilffilland14,2,2
15,Roddy,Knutton,Male,10/12/1914,11/5/1984,5839,321-362-3893,5 Harbort Point,Orlando,United States,KnuttonRoddy15@Uni.com,Knutton15,3,3
16,Ulrick,Gerhardt,Male,2/12/2017,11/5/1912,7554,331-418-8491,790 Pine View Road,Aurora,United States,GerhardtUlrick16@Uni.com,Gerhardt16,4,4
17,Dmitri,Mongeot,Male,10/29/2022,5/3/1983,3338,318-267-9528,46 Center Hill,Shreveport,United States,MongeotDmitri17@Uni.com,Mongeot17,5,5
18,Harrison,Grinyer,Male,8/12/1943,1/21/1973,36075,260-865-5521,886 Westerfield Court,Fort Wayne,United States,GrinyerHarrison18@Uni.com,Grinyer18,6,6
19,Oralie,Krikorian,Female,12/22/1969,5/8/2017,42666,804-609-9045,91233 Westerfield Center,Hampton,United States,KrikorianOralie19@Uni.com,Krikorian19,1,1
20,Rochella,Gallahar,Female,5/9/2003,5/26/2011,14806,314-267-6314,950 Moland Avenue,Saint Louis,United States,GallaharRochella20@Uni.com,Gallahar20,2,2
21,Burr,Camamill,Male,12/4/1969,8/21/1954,40110,415-603-0470,5943 East Circle,San Francisco,United States,CamamillBurr21@Uni.com,Camamill21,3,3
22,Ty,Wickrath,Male,1/4/1992,12/27/1959,20670,240-873-0271,61231 Lakewood Gardens Parkway,Hagerstown,United States,WickrathTy22@Uni.com,Wickrath22,4,4
23,Claresta,Debell,Female,8/22/2005,8/25/1917,20538,206-327-5510,9842 Lerdahl Street,Bellevue,United States,DebellClaresta23@Uni.com,Debell23,5,5
24,Gerhard,Saint,Female,11/30/1914,9/13/1968,27925,512-932-2729,18810 Derek Street,Austin,United States,SaintGerhard24@Uni.com,Saint24,6,6
25,Cyril,Kingswood,Male,5/1/1909,7/9/1991,23909,858-384-9525,75 Blue Bill Park Junction,San Diego,United States,KingswoodCyril25@Uni.com,Kingswood25,1,1
26,Eartha,Bisiker,Female,8/17/1905,9/3/1911,28643,623-243-3663,34039 Loeprich Park,Scottsdale,United States,BisikerEartha26@Uni.com,Bisiker26,2,2
27,Phil,Barajaz,Female,8/24/1925,11/21/1971,14196,317-871-5862,47 Marcy Center,Indianapolis,United States,BarajazPhil27@Uni.com,Barajaz27,3,3
28,Sergent,Whelan,Male,5/22/1945,5/11/2022,30223,405-425-7659,8 Gateway Point,Oklahoma City,United States,WhelanSergent28@Uni.com,Whelan28,4,4
29,Kate,Paudin,Female,7/11/1971,2/23/1979,21847,757-315-2939,668 Mallard Hill,Norfolk,United States,PaudinKate29@Uni.com,Paudin29,5,5
30,Fawne,Tessier,Female,5/31/1975,3/25/1928,46313,225-414-8276,2499 Fair Oaks Court,Baton Rouge,United States,TessierFawne30@Uni.com,Tessier30,6,6
31,Mari,D'Emanuele,Female,3/22/1971,9/17/1941,40315,307-387-6111,25 Esch Center,Cheyenne,United States,D'EmanueleMari31@Uni.com,D'Emanuele31,1,1
32,Del,Richly,Male,10/4/1919,12/1/2005,4686,606-187-1093,7709 Milwaukee Junction,London,United States,RichlyDel32@Uni.com,Richly32,2,2
33,Traci,Maccraw,Female,11/28/1941,5/26/2019,34139,858-137-9177,528 Mandrake Pass,Oceanside,United States,MaccrawTraci33@Uni.com,Maccraw33,3,3
34,Berkie,Nickolls,Male,4/27/1956,10/3/1997,16484,509-701-2329,96484 Mcbride Point,Weston,United Kingdom,NickollsBerkie34@Uni.com,Nickolls34,4,4
35,Christian,Frobisher,Male,10/25/1955,11/30/1943,38412,735-772-2213,9 Butterfield Drive,Kinloch,United Kingdom,FrobisherChristian35@Uni.com,Frobisher35,5,5
36,Allsun,Facer,Female,3/20/1974,10/21/1943,28727,254-393-0625,7507 Loftsgordon Crossing,Waco,United States,FacerAllsun36@Uni.com,Facer36,6,6
37,Isobel,Rupert,Female,8/19/1927,11/21/1939,45995,319-442-6691,7637 American Ash Alley,Iowa City,United States,RupertIsobel37@Uni.com,Rupert37,1,1
38,Stephine,Alfuso,Female,2/27/2020,2/20/1987,16227,636-136-0269,111 Farragut Center,Saint Louis,United States,AlfusoStephine38@Uni.com,Alfuso38,2,2
39,Shelden,Couvert,Male,2/3/1906,7/5/1908,39990,626-681-4922,0230 Grover Way,Pasadena,United States,CouvertShelden39@Uni.com,Couvert39,3,3
40,Cobby,Shevell,Male,8/21/2006,5/1/1915,46939,786-518-4298,044 Del Sol Hill,Clearwater,United States,ShevellCobby40@Uni.com,Shevell40,4,4
41,Farly,Tolussi,Male,9/29/1997,11/30/1945,15916,615-865-4654,91 Judy Terrace,Nashville,United States,TolussiFarly41@Uni.com,Tolussi41,5,5
42,Brandtr,Scamadine,Male,1/31/1905,1/10/1961,21073,402-354-1918,14 Evergreen Lane,Omaha,United States,ScamadineBrandtr42@Uni.com,Scamadine42,6,6
43,Lorin,Dooly,Male,3/5/1911,4/13/2002,41522,302-804-8165,10 Swallow Drive,Wilmington,United States,DoolyLorin43@Uni.com,Dooly43,1,1
44,Robbyn,O'Sherin,Female,6/4/1954,11/9/1917,16456,610-413-0707,9 Continental Plaza,Allentown,United States,O'SherinRobbyn44@Uni.com,O'Sherin44,2,2
45,Gawain,Anthiftle,Male,10/6/1920,4/20/1988,30148,624-600-4442,8288 Center Circle,Thorpe,United Kingdom,AnthiftleGawain45@Uni.com,Anthiftle45,3,3
46,Yance,Padula,Male,11/16/1998,10/31/1976,32989,714-820-4839,56 Village Crossing,Anaheim,United States,PadulaYance46@Uni.com,Padula46,4,4
47,Con,Kirvin,Male,4/13/1978,4/21/1901,9796,770-409-2930,77076 Goodland Court,Atlanta,United States,KirvinCon47@Uni.com,Kirvin47,5,5
48,Catharina,Carmo,Female,3/3/2009,7/14/1976,2503,301-747-7330,307 Vidon Lane,Hyattsville,United States,CarmoCatharina48@Uni.com,Carmo48,6,6
49,Margie,Le Conte,Female,5/21/1936,11/1/1951,35921,910-874-6960,17775 Manufacturers Road,Wilmington,United States,Le ConteMargie49@Uni.com,Le Conte49,1,1
50,Amalee,Rhubottom,Female,6/5/1947,7/2/1953,32104,404-692-6006,4 Onsgard Street,Atlanta,United States,RhubottomAmalee50@Uni.com,Rhubottom50,2,2
51,Konstantine,Stanmer,Male,6/20/2011,6/27/2009,42245,714-613-7707,854 Merrick Place,Anaheim,United States,StanmerKonstantine51@Uni.com,Stanmer51,3,3
52,Alexandr,Belliard,Female,7/31/1964,11/28/1940,29155,716-294-3306,5 Rowland Plaza,Buffalo,United States,BelliardAlexandr52@Uni.com,Belliard52,4,4
53,Bradford,Muzzlewhite,Male,8/26/1909,4/30/1967,24977,941-194-8161,1 Lakewood Gardens Lane,Naples,United States,MuzzlewhiteBradford53@Uni.com,Muzzlewhite53,5,5
54,Nolana,Maltby,Female,2/9/1955,11/6/1952,14823,917-980-9171,76796 Caliangt Way,New York City,United States,MaltbyNolana54@Uni.com,Maltby54,6,6
55,Olivier,Catonnet,Male,4/11/2004,11/6/1999,31942,916-569-8806,4 Pond Alley,Sacramento,United States,CatonnetOlivier55@Uni.com,Catonnet55,1,1
56,Any,Whittenbury,Male,1/12/1982,1/29/1967,37487,615-974-2872,536 Swallow Hill,Nashville,United States,WhittenburyAny56@Uni.com,Whittenbury56,2,2
57,Iormina,Jannings,Female,8/9/1987,10/20/2013,45248,573-282-3460,5 Namekagon Plaza,Columbia,United States,JanningsIormina57@Uni.com,Jannings57,3,3
58,Wolf,Latta,Male,1/18/2011,3/31/2004,47867,419-161-4337,93 Barby Alley,Toledo,United States,LattaWolf58@Uni.com,Latta58,4,4
59,Chandler,Batie,Male,5/2/1912,12/8/1994,31996,651-159-0940,7157 Pankratz Avenue,Saint Paul,United States,BatieChandler59@Uni.com,Batie59,5,5
60,Samuele,Collidge,Male,9/1/1936,5/27/2022,18571,601-244-0091,3 Eagan Avenue,Jackson,United States,CollidgeSamuele60@Uni.com,Collidge60,6,6
61,Evangeline,Hillin,Female,9/13/1934,5/13/1955,28304,812-185-7290,1 Main Junction,Evansville,United States,HillinEvangeline61@Uni.com,Hillin61,1,1
62,Tani,Crumbleholme,Female,12/13/1906,8/1/1987,14551,863-913-1705,39 Ilene Pass,Largo,United States,CrumbleholmeTani62@Uni.com,Crumbleholme62,2,2
63,Lynda,Cavey,Female,10/16/1921,9/27/1923,31203,814-760-2487,06111 Grim Park,Erie,United States,CaveyLynda63@Uni.com,Cavey63,3,3
64,Floris,Linham,Female,5/14/1912,1/14/1929,37403,505-620-0923,9 Bluejay Pass,Santa Fe,United States,LinhamFloris64@Uni.com,Linham64,4,4
65,Eb,Phebey,Male,3/30/1992,2/17/1956,15027,410-939-1804,74941 Monterey Terrace,Baltimore,United States,PhebeyEb65@Uni.com,Phebey65,5,5
66,Dennie,Coton,Female,8/8/1921,12/25/1951,43558,719-169-6321,675 Chive Parkway,Colorado Springs,United States,CotonDennie66@Uni.com,Coton66,6,6
67,Cyrus,Reyna,Male,7/29/1926,12/8/1977,8424,512-366-8894,72976 Lyons Hill,Austin,United States,ReynaCyrus67@Uni.com,Reyna67,1,1
68,Dre,Causer,Female,5/25/1967,3/19/1947,34913,240-435-5343,768 Maryland Court,Hagerstown,United States,CauserDre68@Uni.com,Causer68,2,2
69,Rachael,Blonfield,Female,3/13/2006,7/22/1953,35021,423-766-3653,87 Kennedy Avenue,Chattanooga,United States,BlonfieldRachael69@Uni.com,Blonfield69,3,3
70,Frederic,Cregan,Male,1/14/1902,11/5/1973,34044,704-571-5265,5139 International Parkway,Charlotte,United States,CreganFrederic70@Uni.com,Cregan70,4,4
71,Estrellita,Martindale,Female,9/18/1930,6/2/1948,40068,570-365-9252,9 Sherman Center,Wilkes Barre,United States,MartindaleEstrellita71@Uni.com,Martindale71,5,5
72,Prue,Boanas,Female,5/13/1994,11/7/1955,39702,813-741-7106,3451 Granby Place,Zephyrhills,United States,BoanasPrue72@Uni.com,Boanas72,6,6
73,Jeffie,Buntain,Male,10/1/1991,4/29/1927,36087,423-550-7679,4503 6th Lane,Johnson City,United States,BuntainJeffie73@Uni.com,Buntain73,1,1
74,Bobby,Sijmons,Male,9/20/1942,6/12/1931,22725,702-560-1935,7 Reindahl Alley,Las Vegas,United States,SijmonsBobby74@Uni.com,Sijmons74,2,2
75,Leslie,Karsh,Male,5/10/2006,1/3/2002,21211,941-267-2215,390 Farmco Court,Naples,United States,KarshLeslie75@Uni.com,Karsh75,3,3
76,Gordy,Huke,Male,7/5/1954,4/2/2003,18040,214-971-7002,327 Loftsgordon Point,Dallas,United States,HukeGordy76@Uni.com,Huke76,4,4
77,Denney,Bartley,Male,12/2/1914,1/20/1976,5199,812-851-5552,04325 Lillian Street,Terre Haute,United States,BartleyDenney77@Uni.com,Bartley77,5,5
78,Gaile,Bohl,Male,9/17/1902,5/6/1965,27083,410-177-8948,91 Merchant Street,Baltimore,United States,BohlGaile78@Uni.com,Bohl78,6,6
79,Elvira,Blaase,Female,3/10/1902,4/30/1930,8113,316-741-4783,32379 Village Green Drive,Middleton,United Kingdom,BlaaseElvira79@Uni.com,Blaase79,1,1
80,Ervin,Fairbanks,Male,7/19/1923,8/24/1996,23438,973-108-0607,68 Gale Terrace,Newark,United States,FairbanksErvin80@Uni.com,Fairbanks80,2,2
81,Darb,Ianne,Male,3/28/1937,10/9/1957,12573,202-598-7641,6 Mayfield Trail,Washington,United States,IanneDarb81@Uni.com,Ianne81,3,3
82,Kikelia,Birchner,Female,5/25/1906,4/17/1991,40707,571-990-5959,6488 Lakewood Gardens Court,Alexandria,United States,BirchnerKikelia82@Uni.com,Birchner82,4,4
83,Mart,Santen,Male,4/16/1951,2/6/1905,10142,804-565-9815,59751 Bobwhite Center,Richmond,United States,SantenMart83@Uni.com,Santen83,5,5
84,Jorge,Gobbett,Female,4/9/2005,12/22/1966,26850,281-881-4464,1 Hayes Center,Houston,United States,GobbettJorge84@Uni.com,Gobbett84,6,6
85,Robbyn,Itzcovich,Female,3/9/1905,10/27/1997,37265,212-687-7840,03313 Pond Hill,Jamaica,United States,ItzcovichRobbyn85@Uni.com,Itzcovich85,1,1
86,Rutherford,Stollhofer,Male,7/9/1973,5/21/2016,16165,505-407-2776,020 Heffernan Alley,Santa Fe,United States,StollhoferRutherford86@Uni.com,Stollhofer86,2,2
87,Merrili,Clayill,Female,7/5/1979,10/8/2022,15668,330-535-8235,43 Stuart Park,Canton,United States,ClayillMerrili87@Uni.com,Clayill87,3,3
88,Alex,Ladson,Male,5/15/1907,10/15/1964,39493,501-906-7531,1 Knutson Crossing,Little Rock,United States,LadsonAlex88@Uni.com,Ladson88,4,4
89,Phillipp,Toor,Male,9/25/2003,12/31/1916,12590,202-100-0021,22 Dawn Street,Washington,United States,ToorPhillipp89@Uni.com,Toor89,5,5
90,Abbott,Guerrier,Male,10/25/1964,5/11/1936,25273,617-907-7988,719 Manley Terrace,Boston,United States,GuerrierAbbott90@Uni.com,Guerrier90,6,6
91,Gustie,Puddle,Female,5/11/1975,3/17/1969,38040,865-333-0172,0596 La Follette Crossing,Amarillo,United States,PuddleGustie91@Uni.com,Puddle91,1,1
92,Mirabelle,Toop,Female,4/30/2012,5/31/1957,26716,505-291-0841,50 Walton Pass,Albuquerque,United States,ToopMirabelle92@Uni.com,Toop92,2,2
93,Mirna,Kindred,Female,9/10/1999,8/30/1905,8047,240-587-4282,748 Badeau Hill,Silver Spring,United States,KindredMirna93@Uni.com,Kindred93,3,3
94,Natalya,Ferrulli,Female,8/29/1944,3/12/1905,33846,339-530-1250,02748 Sycamore Park,Lynn,United States,FerrulliNatalya94@Uni.com,Ferrulli94,4,4
95,Les,Giraudoux,Male,6/18/1966,6/2/1972,23707,419-856-1111,8 Truax Road,Toledo,United States,GiraudouxLes95@Uni.com,Giraudoux95,5,5
96,Gert,Raubheim,Female,3/30/1996,11/17/1922,5297,619-333-7479,4250 Twin Pines Drive,San Diego,United States,RaubheimGert96@Uni.com,Raubheim96,6,6
97,Patience,Rea,Female,6/1/1916,11/12/1956,17379,217-287-4384,02 Rutledge Center,Champaign,United States,ReaPatience97@Uni.com,Rea97,1,1
98,Yorgos,Olyfant,Male,1/2/2001,5/13/1950,10535,913-346-5819,49901 Debra Lane,Shawnee Mission,United States,OlyfantYorgos98@Uni.com,Olyfant98,2,2
99,Pamella,Coggell,Female,2/20/1975,10/27/1962,7159,217-679-7856,44406 Ronald Regan Court,Edinburgh,United Kingdom,CoggellPamella99@Uni.com,Coggell99,3,3
100,Tyrone,Troth,Male,4/4/1927,3/28/1984,25727,813-214-6367,64 Alpine Street,Zephyrhills,United States,TrothTyrone100@Uni.com,Troth100,4,4
101,Mathilda,Kofax,Female,9/18/1983,2/24/1994,24339,614-441-5101,62 Weeping Birch Avenue,Columbus,United States,KofaxMathilda101@Uni.com,Kofax101,5,5
102,Danie,Domney,Male,11/15/1950,1/7/1972,4740,212-355-6221,67 Cherokee Way,New York City,United States,DomneyDanie102@Uni.com,Domney102,6,6
103,Lalo,Oehm,Male,4/12/1969,9/11/1931,46901,626-944-3809,138 Forest Dale Court,Pasadena,United States,OehmLalo103@Uni.com,Oehm103,1,1
104,Brose,Johnstone,Male,3/15/1976,1/16/1958,9276,570-610-6428,36 La Follette Plaza,Scranton,United States,JohnstoneBrose104@Uni.com,Johnstone104,2,2
105,Ervin,Acott,Male,4/25/1997,12/5/1927,3972,626-945-3819,6561 Monterey Crossing,Pittsburgh,United States,AcottErvin105@Uni.com,Acott105,3,3
106,Rudie,Sandels,Male,4/23/2000,1/24/1989,48702,210-841-7907,41 1st Trail,San Antonio,United States,SandelsRudie106@Uni.com,Sandels106,4,4
107,Kiele,Teodorski,Female,4/25/1931,1/9/2022,7843,260-534-9153,590 Loomis Way,Fort Wayne,United States,TeodorskiKiele107@Uni.com,Teodorski107,5,5
108,Clay,Synnot,Male,9/21/1952,9/25/2006,19035,309-246-4696,9790 Vidon Lane,Peoria,United States,SynnotClay108@Uni.com,Synnot108,6,6
109,Laird,Berndtssen,Male,6/3/1942,4/24/1938,46683,626-320-9713,02074 Forest Dale Circle,Pasadena,United States,BerndtssenLaird109@Uni.com,Berndtssen109,1,1
110,Mollee,Atley,Female,9/19/2014,6/28/1912,35379,971-986-4868,41878 Roth Center,Portland,United States,AtleyMollee110@Uni.com,Atley110,2,2
111,Eryn,Basili,Female,4/10/1932,10/17/1955,34084,602-122-8692,22319 Everett Street,Phoenix,United States,BasiliEryn111@Uni.com,Basili111,3,3
112,Maryl,Kebell,Female,5/7/1935,7/18/2021,35268,915-564-2992,13478 Kennedy Terrace,El Paso,United States,KebellMaryl112@Uni.com,Kebell112,4,4
113,Lynnette,Sparham,Female,10/12/1926,9/30/2013,30528,626-352-6461,08493 Westport Pass,Corona,United States,SparhamLynnette113@Uni.com,Sparham113,5,5
114,Thorndike,Behnecke,Male,10/7/1953,12/13/1976,38005,253-718-1363,01 American Ash Alley,Tacoma,United States,BehneckeThorndike114@Uni.com,Behnecke114,6,6
115,Feodora,Avrasin,Female,10/17/1936,8/11/1935,26741,626-225-2284,886 Gina Drive,Alhambra,United States,AvrasinFeodora115@Uni.com,Avrasin115,1,1
116,Luciano,Scowcraft,Male,5/4/1923,5/25/1961,28729,717-161-4291,888 Forest Dale Street,Harrisburg,United States,ScowcraftLuciano116@Uni.com,Scowcraft116,2,2
117,Jo-ann,Collinson,Female,2/16/1955,9/27/1913,21311,636-749-9014,0597 Troy Road,Saint Louis,United States,CollinsonJo-ann117@Uni.com,Collinson117,3,3
118,Minette,Quye,Female,11/27/2005,5/27/1986,44512,817-437-2555,479 Larry Plaza,Milton,United Kingdom,QuyeMinette118@Uni.com,Quye118,4,4
119,Meghann,Greedy,Female,8/22/2008,11/19/1971,13085,318-296-8399,5 Summerview Alley,Alexandria,United States,GreedyMeghann119@Uni.com,Greedy119,5,5
120,Kippie,Abberley,Male,5/19/2014,7/9/1970,16804,626-227-6820,33844 Esch Place,Pasadena,United States,AbberleyKippie120@Uni.com,Abberley120,6,6
