student_id,student_first_name,student_last_name,student_gender,student_date_of_birth,student_phone,student_email,student_password,student_country,student_city,student_address,student_institution_program_id,student_year_number,student_institution_enrollment_date,credit_hour_price
1,Janela,Wortman,Female,11/18/1927,501-766-6773,WortmanJanela1@Uni.com,Janela1,United States,Little Rock,2 Raven Street,1,1,12/3/1932,1500
2,Shermie,Charles,Male,9/14/1973,281-175-0533,CharlesShermie2@Uni.com,Shermie2,United States,Humble,1 Knutson Avenue,1,1,7/19/2009,1500
3,Neely,Selwood,Female,7/11/1979,255-469-5803,SelwoodNeely3@Uni.com,Neely3,United Kingdom,Belfast,32247 Nobel Junction,1,1,3/11/1912,1500
4,Prescott,Viner,Male,2/11/1937,504-648-2470,VinerPrescott4@Uni.com,Prescott4,United States,New Orleans,431 Weeping Birch Pass,1,1,5/1/1914,1500
5,Aurelea,Tolcher,Female,10/16/1922,513-492-0633,TolcherAurelea5@Uni.com,Aurelea5,United States,Cincinnati,81532 Buhler Circle,1,1,8/27/1990,1500
6,Sophronia,Keith,Female,12/15/1905,304-976-2158,KeithSophronia6@Uni.com,Sophronia6,United States,Huntington,0 Cambridge Center,1,1,6/19/1972,1500
7,Julius,Silcocks,Male,9/7/1985,336-431-2971,SilcocksJulius7@Uni.com,Julius7,United States,Winston Salem,9856 Kinsman Parkway,1,1,8/21/2021,1500
8,Zorina,Maudling,Female,5/24/1917,419-787-3288,MaudlingZorina8@Uni.com,Zorina8,United States,Toledo,5977 Warrior Center,1,1,12/31/1912,1500
9,Mignonne,Oakhill,Female,8/9/1937,972-308-1339,OakhillMignonne9@Uni.com,Mignonne9,United States,Dallas,59 Helena Trail,1,1,2/10/2007,1500
10,Engelbert,Wheelhouse,Male,8/16/2010,408-733-5751,WheelhouseEngelbert10@Uni.com,Engelbert10,United States,San Jose,717 Becker Way,1,1,8/25/2018,1500
11,Brinn,Clandillon,Female,12/5/1910,402-741-7456,ClandillonBrinn11@Uni.com,Brinn11,United States,Lincoln,813 Homewood Drive,1,1,1/22/1934,1500
12,Laure,Nequest,Female,10/1/1920,561-585-0770,NequestLaure12@Uni.com,Laure12,United States,Boca Raton,87 Crest Line Center,1,1,6/21/2010,1500
13,Debor,Sutch,Female,9/13/1977,330-480-7915,SutchDebor13@Uni.com,Debor13,United States,Akron,587 Grasskamp Lane,1,1,4/1/1988,1500
14,Edithe,Favel,Female,3/9/1914,651-446-6481,FavelEdithe14@Uni.com,Edithe14,United States,Saint Paul,8858 Bellgrove Lane,1,1,12/17/1989,1500
15,Emile,Manna,Male,11/27/1942,501-388-3692,MannaEmile15@Uni.com,Emile15,United States,Little Rock,964 Holy Cross Lane,1,1,11/24/1960,1500
16,Charmane,Assard,Female,1/8/2009,254-555-6727,AssardCharmane16@Uni.com,Charmane16,United States,Waco,86 Pleasure Parkway,1,1,9/23/1941,1500
17,Halli,Henriquet,Female,9/12/1948,941-541-0423,HenriquetHalli17@Uni.com,Halli17,United States,Naples,5047 Daystar Road,1,1,8/7/2014,1500
18,Bryan,Dunsford,Male,4/8/1959,714-488-3415,DunsfordBryan18@Uni.com,Bryan18,United States,Anaheim,80632 Prentice Plaza,1,1,10/31/1934,1500
19,Randell,Beamiss,Male,5/20/1983,514-177-9636,BeamissRandell19@Uni.com,Randell19,United Kingdom,Langley,26 Reinke Parkway,1,1,10/23/1960,1500
20,Claudia,Meindl,Female,2/4/1902,702-652-3154,MeindlClaudia20@Uni.com,Claudia20,United States,Reno,7355 Autumn Leaf Hill,1,1,12/13/1903,1500
21,Janaye,Ryce,Female,3/12/2002,717-724-2003,RyceJanaye21@Uni.com,Janaye21,United States,Harrisburg,02 Meadow Vale Pass,1,1,4/4/1917,1500
22,Elaine,Jayume,Female,3/1/1910,303-797-8293,JayumeElaine22@Uni.com,Elaine22,United States,Denver,5455 Warner Court,1,1,9/20/1910,1500
23,Royall,MacElane,Male,11/6/2003,201-455-8912,MacElaneRoyall23@Uni.com,Royall23,United States,Newark,02401 Everett Drive,1,1,7/17/1939,1500
24,Zach,Pachmann,Male,6/8/2021,760-433-1496,PachmannZach24@Uni.com,Zach24,United States,Huntington Beach,8661 Aberg Center,1,1,6/14/1913,1500
25,Ursuline,Swedeland,Female,2/7/1973,205-885-1176,SwedelandUrsuline25@Uni.com,Ursuline25,United States,Birmingham,12 Buena Vista Way,1,1,9/30/2001,1500
26,Candide,Seedhouse,Female,12/21/1959,973-822-1350,SeedhouseCandide26@Uni.com,Candide26,United States,Newark,6022 Veith Road,1,1,11/20/1935,1500
27,Irwin,Singyard,Male,1/8/1966,774-787-0211,SingyardIrwin27@Uni.com,Irwin27,United Kingdom,Manchester,20 Norway Maple Way,1,1,5/16/1995,1500
28,Logan,Ghion,Male,9/14/1916,512-610-0932,GhionLogan28@Uni.com,Logan28,United States,Austin,936 Northwestern Street,1,1,9/7/2018,1500
29,Caro,Drewell,Female,6/7/1977,530-132-3147,DrewellCaro29@Uni.com,Caro29,United States,Sacramento,5416 Ramsey Junction,1,1,9/29/1993,1500
30,Joelle,Broschke,Female,6/5/1990,260-431-6254,BroschkeJoelle30@Uni.com,Joelle30,United States,Fort Wayne,8820 Mayfield Terrace,1,1,9/21/1941,1500
31,Dorene,Safe,Female,11/7/1965,303-719-7700,SafeDorene31@Uni.com,Dorene31,United States,Denver,514 American Avenue,1,1,8/20/1959,1500
32,Tuck,Wahner,Male,8/13/1999,169-364-0999,WahnerTuck32@Uni.com,Tuck32,United Kingdom,Marston,972 Sunnyside Lane,1,1,7/7/1981,1500
33,Rustie,Erickssen,Male,4/10/2000,573-827-9253,ErickssenRustie33@Uni.com,Rustie33,United States,Columbia,3019 Lukken Street,1,1,6/10/2021,1500
34,Rosa,Schlag,Female,3/20/1962,347-428-4338,SchlagRosa34@Uni.com,Rosa34,United Kingdom,Birmingham,76 Hallows Crossing,1,1,1/6/1907,1500
35,Shepard,Paolillo,Male,11/24/2011,562-818-2931,PaolilloShepard35@Uni.com,Shepard35,United States,Whittier,08939 Linden Court,1,1,6/28/1987,1500
36,Wiley,Tudge,Male,3/20/1979,502-771-5650,TudgeWiley36@Uni.com,Wiley36,United States,Louisville,612 Summerview Court,1,1,10/9/1933,1500
37,Claudette,Fassbindler,Female,10/31/1971,414-245-9769,FassbindlerClaudette37@Uni.com,Claudette37,United States,Milwaukee,1286 Thompson Avenue,1,1,5/3/1924,1500
38,Chad,Lippiatt,Female,7/5/2011,863-366-3279,LippiattChad38@Uni.com,Chad38,United States,Lakeland,94685 Johnson Crossing,1,1,9/9/1970,1500
39,Devan,Forre,Female,3/11/1943,815-250-6282,ForreDevan39@Uni.com,Devan39,United States,Rockford,23 Butternut Terrace,1,1,10/12/2006,1500
40,Shalne,Genty,Female,8/15/1909,626-851-6653,GentyShalne40@Uni.com,Shalne40,United States,Pasadena,83 Derek Park,1,1,12/10/1911,1500
41,Giana,Kennifeck,Female,6/16/1961,816-119-7730,KennifeckGiana41@Uni.com,Giana41,United States,Kansas City,3750 Acker Drive,1,1,1/7/1928,1500
42,Jaquenetta,Phizackerly,Female,4/23/1905,212-837-9641,PhizackerlyJaquenetta42@Uni.com,Jaquenetta42,United States,Jamaica,6068 Shopko Trail,1,1,12/25/1908,1500
43,Robinet,Stickels,Female,5/31/1947,443-548-4559,StickelsRobinet43@Uni.com,Robinet43,United States,Baltimore,0 1st Center,1,1,10/19/1923,1500
44,Witty,Padrick,Male,6/5/2016,401-341-6441,PadrickWitty44@Uni.com,Witty44,United States,Providence,0 Holy Cross Drive,1,1,5/8/1973,1500
45,Sean,Isacoff,Male,10/22/2005,213-191-1355,IsacoffSean45@Uni.com,Sean45,United States,Van Nuys,734 Scott Point,1,1,1/29/1975,1500
46,Briano,Blown,Male,7/15/1930,404-186-8442,BlownBriano46@Uni.com,Briano46,United States,Cumming,3271 Ludington Court,1,1,4/4/2010,1500
47,Joellyn,Spinello,Female,10/1/2015,918-466-7683,SpinelloJoellyn47@Uni.com,Joellyn47,United States,Tulsa,57148 Anderson Alley,1,1,11/18/2020,1500
48,Randolph,Stannislawski,Male,3/15/1996,203-644-2659,StannislawskiRandolph48@Uni.com,Randolph48,United States,New Haven,8536 5th Road,1,1,2/16/2006,1500
49,Aurlie,Kilshaw,Female,1/1/1970,336-783-7685,KilshawAurlie49@Uni.com,Aurlie49,United States,Greensboro,709 Dayton Circle,1,1,12/4/1943,1500
50,Faber,Avarne,Male,8/19/1940,513-259-0852,AvarneFaber50@Uni.com,Faber50,United States,Cincinnati,2792 Loeprich Drive,1,1,11/24/1958,1500
51,Cesya,Blackburn,Female,7/1/1917,313-787-1891,BlackburnCesya51@Uni.com,Cesya51,United States,Detroit,9890 Village Green Avenue,1,1,4/3/1950,1500
52,Rosette,Ulyat,Female,8/16/1992,210-443-6956,UlyatRosette52@Uni.com,Rosette52,United States,San Antonio,1191 Crownhardt Junction,1,1,5/11/1914,1500
53,Hailee,Simioni,Female,2/13/2019,602-599-1614,SimioniHailee53@Uni.com,Hailee53,United States,Phoenix,09553 Artisan Point,1,1,10/8/2002,1500
54,Lucias,Renforth,Male,12/2/1951,312-867-5022,RenforthLucias54@Uni.com,Lucias54,United States,Chicago,568 Mitchell Pass,1,1,2/5/2012,1500
55,Hughie,Speight,Male,3/9/1987,612-806-3433,SpeightHughie55@Uni.com,Hughie55,United States,Minneapolis,65 Merrick Hill,1,1,2/13/1908,1500
56,Silvain,Peartree,Male,5/5/1927,504-661-1651,PeartreeSilvain56@Uni.com,Silvain56,United States,New Orleans,5738 8th Alley,1,1,11/12/1952,1500
57,Adham,McTurley,Male,3/28/1964,515-195-8582,McTurleyAdham57@Uni.com,Adham57,United States,Des Moines,57 Buhler Terrace,1,1,5/9/1985,1500
58,Lorita,Volette,Female,11/28/1986,360-270-9997,VoletteLorita58@Uni.com,Lorita58,United States,Seattle,684 Maple Wood Crossing,1,1,10/5/1939,1500
59,Nester,Organ,Male,12/1/1934,904-347-9768,OrganNester59@Uni.com,Nester59,United States,Jacksonville,545 Browning Parkway,1,1,7/25/1947,1500
60,Angelo,Mines,Male,1/15/1958,432-293-1543,MinesAngelo60@Uni.com,Angelo60,United States,Odessa,9 Cody Park,1,1,7/9/1913,1500
61,Julienne,Lucey,Female,10/4/1918,759-138-6807,LuceyJulienne61@Uni.com,Julienne61,United Kingdom,Birmingham,986 Eggendart Crossing,1,2,4/29/1909,1500
62,Vittorio,Schiersch,Male,4/20/1932,254-447-8732,SchierschVittorio62@Uni.com,Vittorio62,United States,Waco,0510 Leroy Crossing,1,2,12/4/1950,1500
63,Malinde,Baszniak,Female,2/18/1952,815-560-3952,BaszniakMalinde63@Uni.com,Malinde63,United States,Joliet,8074 Ronald Regan Terrace,1,2,5/10/2005,1500
64,Ross,Pankhurst.,Male,10/12/1958,517-655-3585,Pankhurst.Ross64@Uni.com,Ross64,United States,Lansing,67643 Wayridge Hill,1,2,2/21/1994,1500
65,Mary,Gove,Female,8/26/1931,405-904-8236,GoveMary65@Uni.com,Mary65,United States,Oklahoma City,053 Cascade Crossing,1,2,8/7/1987,1500
66,Mill,Juster,Male,6/4/1968,650-610-1569,JusterMill66@Uni.com,Mill66,United States,San Jose,70396 Mitchell Lane,1,2,2/18/2016,1500
67,Dame,Escott,Male,6/25/1911,410-274-8401,EscottDame67@Uni.com,Dame67,United States,Baltimore,20 Goodland Park,1,2,8/13/1924,1500
68,Lezlie,Nuss,Female,4/21/1913,941-180-7076,NussLezlie68@Uni.com,Lezlie68,United States,Naples,8 Reindahl Avenue,1,2,11/14/1926,1500
69,Elvira,Leasor,Female,1/4/1992,815-254-3872,LeasorElvira69@Uni.com,Elvira69,United States,Rockford,03996 Vermont Lane,1,2,12/22/2007,1500
70,Andeee,Carman,Female,3/15/2002,259-976-6232,CarmanAndeee70@Uni.com,Andeee70,United Kingdom,Aberdeen,64914 Iowa Hill,1,2,6/8/2001,1500
71,Kory,Bengochea,Male,1/23/1940,717-425-4117,BengocheaKory71@Uni.com,Kory71,United States,Harrisburg,1009 Lyons Circle,1,2,1/19/2016,1500
72,Yvon,Goch,Male,12/25/2012,917-703-2439,GochYvon72@Uni.com,Yvon72,United States,Bronx,0 Lighthouse Bay Court,1,2,1/29/1975,1500
73,Raymond,Ferrick,Male,11/21/1937,217-151-4316,FerrickRaymond73@Uni.com,Raymond73,United States,Springfield,9 Moland Terrace,1,2,5/10/1921,1500
74,Findlay,Dibben,Male,12/15/1906,916-903-5759,DibbenFindlay74@Uni.com,Findlay74,United States,Sacramento,328 Glacier Hill Center,1,2,10/30/1931,1500
75,Laurene,Fausch,Female,1/24/1950,408-343-2807,FauschLaurene75@Uni.com,Laurene75,United States,San Jose,45416 Rieder Point,1,2,11/21/2006,1500
76,Merissa,O'Neil,Female,2/25/1938,408-883-1603,O'NeilMerissa76@Uni.com,Merissa76,United States,San Jose,227 Florence Crossing,1,2,6/7/1904,1500
77,Zonnya,Scarrott,Female,12/20/1997,521-431-3442,ScarrottZonnya77@Uni.com,Zonnya77,United Kingdom,Glasgow,9194 North Terrace,1,2,2/3/2001,1500
78,Nydia,Stannas,Female,5/3/1972,636-106-4680,StannasNydia78@Uni.com,Nydia78,United States,Saint Louis,6390 Schiller Court,1,2,6/3/1907,1500
79,Lyndsey,Bredee,Female,10/17/1990,626-397-6542,BredeeLyndsey79@Uni.com,Lyndsey79,United States,Corona,42 Glendale Parkway,1,2,1/1/2008,1500
80,Raynell,Frankish,Female,7/10/2013,942-126-1358,FrankishRaynell80@Uni.com,Raynell80,United Kingdom,Denton,6 Crescent Oaks Circle,1,2,8/5/2010,1500
81,Dex,Kimpton,Male,12/15/1989,321-411-1099,KimptonDex81@Uni.com,Dex81,United States,Melbourne,3700 Thierer Street,1,2,8/26/1981,1500
82,Mahmud,Coppin,Male,12/19/1995,717-438-3892,CoppinMahmud82@Uni.com,Mahmud82,United States,Harrisburg,67 Magdeline Parkway,1,2,10/6/1930,1500
83,Gabriell,Giggie,Female,10/12/1970,916-533-2066,GiggieGabriell83@Uni.com,Gabriell83,United States,Sacramento,261 Duke Court,1,2,3/30/1983,1500
84,Thomasin,Cockayne,Female,5/7/1933,770-967-2600,CockayneThomasin84@Uni.com,Thomasin84,United States,Atlanta,64937 Mitchell Park,1,2,12/16/1961,1500
85,Almeda,Kubalek,Female,11/23/2022,773-831-6606,KubalekAlmeda85@Uni.com,Almeda85,United States,Chicago,59 Stephen Court,1,2,3/23/1972,1500
86,Roi,Martinet,Male,12/29/1933,704-149-7206,MartinetRoi86@Uni.com,Roi86,United States,Charlotte,82 Morrow Place,1,2,10/13/1922,1500
87,Halie,Artis,Female,10/9/1921,404-109-2361,ArtisHalie87@Uni.com,Halie87,United States,Atlanta,69790 Old Gate Lane,1,2,11/30/2019,1500
88,Nevsa,Klawi,Female,9/1/2019,239-205-2744,KlawiNevsa88@Uni.com,Nevsa88,United States,Naples,4 Meadow Valley Parkway,1,2,1/22/1958,1500
89,Loretta,Spillman,Female,5/14/1900,704-528-0992,SpillmanLoretta89@Uni.com,Loretta89,United States,Charlotte,73 Katie Circle,1,2,2/22/1910,1500
90,Sansone,Abrahmson,Male,11/22/2006,202-449-7974,AbrahmsonSansone90@Uni.com,Sansone90,United States,Washington,3 Kropf Street,1,2,7/6/1992,1500
91,Selene,Prover,Female,11/27/1979,302-390-3720,ProverSelene91@Uni.com,Selene91,United States,Wilmington,8 Northridge Drive,1,2,10/6/2019,1500
92,Vonnie,Rodenhurst,Female,10/9/1917,214-266-1448,RodenhurstVonnie92@Uni.com,Vonnie92,United States,Dallas,685 Lerdahl Junction,1,2,4/24/1924,1500
93,Cordie,Josephsen,Male,6/23/1963,803-867-4690,JosephsenCordie93@Uni.com,Cordie93,United States,Columbia,61593 Clove Road,1,2,12/17/1917,1500
94,Knox,Korbmaker,Male,1/5/1984,602-798-2937,KorbmakerKnox94@Uni.com,Knox94,United States,Chandler,602 Eliot Parkway,1,2,4/2/1961,1500
95,Archambault,Bein,Male,4/15/1987,917-869-3394,BeinArchambault95@Uni.com,Archambault95,United States,New York City,128 Almo Place,1,2,2/26/2010,1500
96,Margarette,Shirlaw,Female,9/27/1992,570-440-9750,ShirlawMargarette96@Uni.com,Margarette96,United States,Scranton,399 Macpherson Pass,1,2,10/15/1969,1500
97,Ronnie,Giamitti,Female,1/10/1952,914-357-2824,GiamittiRonnie97@Uni.com,Ronnie97,United States,Yonkers,03 Corscot Circle,1,2,9/26/1942,1500
98,Martelle,O' Faherty,Female,5/26/2018,856-132-0056,O' FahertyMartelle98@Uni.com,Martelle98,United Kingdom,Newton,62118 Crescent Oaks Alley,1,2,4/1/1920,1500
99,Dunn,Trewin,Male,12/25/1931,213-432-9440,TrewinDunn99@Uni.com,Dunn99,United States,Los Angeles,2 Dovetail Crossing,1,2,12/20/1963,1500
100,Ned,Pilbeam,Male,4/3/1901,408-891-3597,PilbeamNed100@Uni.com,Ned100,United States,San Jose,690 Golden Leaf Plaza,1,2,5/6/1994,1500
101,Griz,Daburn,Male,2/10/1956,817-323-1273,DaburnGriz101@Uni.com,Griz101,United States,Fort Worth,71054 Rigney Avenue,1,2,3/2/1983,1500
102,Franz,Christie,Male,5/20/1919,760-507-2010,ChristieFranz102@Uni.com,Franz102,United States,Huntington Beach,28011 Heffernan Point,1,2,5/6/1998,1500
103,Shepard,Goldin,Male,3/30/1905,805-679-7452,GoldinShepard103@Uni.com,Shepard103,United States,Santa Barbara,03687 Dexter Street,1,2,5/30/1938,1500
104,Pearla,Banister,Female,3/31/1972,801-942-1458,BanisterPearla104@Uni.com,Pearla104,United States,Salt Lake City,55266 Erie Hill,1,2,12/14/1937,1500
105,Raimondo,Spellworth,Male,4/2/1923,808-170-2196,SpellworthRaimondo105@Uni.com,Raimondo105,United States,Honolulu,7415 Dovetail Alley,1,2,4/28/2005,1500
106,Mahalia,Schistl,Female,3/28/1900,316-167-2983,SchistlMahalia106@Uni.com,Mahalia106,United States,Wichita,77023 Alpine Crossing,1,2,9/30/1974,1500
107,Karil,Troughton,Female,7/5/2001,405-300-5195,TroughtonKaril107@Uni.com,Karil107,United States,Oklahoma City,1 Southridge Hill,1,2,7/17/1946,1500
108,Kerrill,Causnett,Female,9/18/1980,611-860-9530,CausnettKerrill108@Uni.com,Kerrill108,United Kingdom,Burnside,5800 David Place,1,2,12/31/1972,1500
109,Veradis,Sergeant,Female,8/4/1923,702-293-8041,SergeantVeradis109@Uni.com,Veradis109,United States,Las Vegas,77 Anhalt Drive,1,2,4/21/1988,1500
110,Mort,Lyburn,Male,4/6/1983,813-871-9627,LyburnMort110@Uni.com,Mort110,United States,Tampa,3 Fairfield Trail,1,2,4/30/1927,1500
111,Jackqueline,Longland,Female,5/19/2022,732-976-6165,LonglandJackqueline111@Uni.com,Jackqueline111,United States,New Brunswick,8253 Butterfield Junction,1,2,1/30/2015,1500
112,Zulema,Gaspero,Female,7/23/1993,503-836-4460,GasperoZulema112@Uni.com,Zulema112,United States,Portland,18475 Weeping Birch Crossing,1,2,8/16/1907,1500
113,Zebulon,Presland,Male,3/13/1987,585-750-2193,PreslandZebulon113@Uni.com,Zebulon113,United States,Rochester,363 Mosinee Lane,1,2,12/24/2014,1500
114,Hildagarde,Headley,Female,3/25/1905,970-246-1894,HeadleyHildagarde114@Uni.com,Hildagarde114,United States,Greeley,41 Farmco Alley,1,2,9/5/2002,1500
115,Brenden,Tuley,Male,1/20/1971,860-946-7029,TuleyBrenden115@Uni.com,Brenden115,United States,Hartford,4628 Montana Park,1,2,12/13/1999,1500
116,Worden,Vink,Male,7/30/1913,202-485-5453,VinkWorden116@Uni.com,Worden116,United States,Washington,9194 Alpine Park,1,2,10/20/1910,1500
117,Emmey,Sindell,Female,3/13/2004,410-144-0933,SindellEmmey117@Uni.com,Emmey117,United States,Baltimore,94 Sherman Avenue,1,2,2/3/2016,1500
118,Barbabas,Jarvie,Male,9/11/1958,419-786-4510,JarvieBarbabas118@Uni.com,Barbabas118,United States,Hamilton,422 Golf View Crossing,1,2,8/4/1929,1500
119,Jeffry,Benton,Male,9/27/1918,650-700-5599,BentonJeffry119@Uni.com,Jeffry119,United States,Los Angeles,3875 Acker Crossing,1,2,7/31/1982,1500
120,Hugh,Philson,Male,3/5/1963,815-917-2830,PhilsonHugh120@Uni.com,Hugh120,United States,Joliet,105 Lien Park,1,2,5/21/2009,1500
121,Sinclare,Buttfield,Male,8/26/1964,301-908-7314,ButtfieldSinclare121@Uni.com,Sinclare121,United States,Hyattsville,5 Algoma Alley,2,1,12/19/1900,1500
122,Leanna,Hucks,Female,5/21/1926,917-551-1270,HucksLeanna122@Uni.com,Leanna122,United States,Bronx,70231 Meadow Vale Drive,2,1,10/11/1998,1500
123,Panchito,Lemerle,Male,6/6/1909,202-870-3885,LemerlePanchito123@Uni.com,Panchito123,United States,Washington,41 Roxbury Park,2,1,8/6/1978,1500
124,Gardener,Kalkofer,Male,4/27/2002,571-616-7662,KalkoferGardener124@Uni.com,Gardener124,United States,Merrifield,156 Norway Maple Lane,2,1,5/19/1948,1500
125,Issiah,Yitzhok,Male,7/31/1975,615-939-7624,YitzhokIssiah125@Uni.com,Issiah125,United Kingdom,Burnside,23 Saint Paul Junction,2,1,6/25/1973,1500
126,Charlene,Cadell,Female,10/1/1987,305-561-8047,CadellCharlene126@Uni.com,Charlene126,United States,Miami,9 Esker Crossing,2,1,3/11/1928,1500
127,Winslow,Agent,Male,10/5/1937,516-748-0117,AgentWinslow127@Uni.com,Winslow127,United States,Hicksville,79 Havey Terrace,2,1,11/9/1996,1500
128,Lockwood,McAuliffe,Male,12/18/1904,915-195-9693,McAuliffeLockwood128@Uni.com,Lockwood128,United States,El Paso,4 Vernon Hill,2,1,8/19/1946,1500
129,Kore,McNeely,Female,3/14/1909,661-253-0639,McNeelyKore129@Uni.com,Kore129,United States,Bakersfield,08 Shelley Terrace,2,1,5/15/2002,1500
130,Darrelle,Marquiss,Female,8/13/1957,770-733-7127,MarquissDarrelle130@Uni.com,Darrelle130,United States,Lawrenceville,170 Westerfield Place,2,1,5/29/1949,1500
131,Fonsie,Wagnerin,Male,2/2/1950,202-826-7626,WagnerinFonsie131@Uni.com,Fonsie131,United States,Washington,8 Pennsylvania Center,2,1,8/10/1994,1500
132,Arri,Lytle,Male,5/23/1908,405-519-0323,LytleArri132@Uni.com,Arri132,United States,Oklahoma City,28 Bartillon Hill,2,1,1/1/1910,1500
133,Mycah,Klaaasen,Male,11/26/1968,504-529-1586,KlaaasenMycah133@Uni.com,Mycah133,United States,New Orleans,52 Mallory Pass,2,1,11/17/2015,1500
134,Evvie,Cummungs,Female,11/27/1987,208-901-4220,CummungsEvvie134@Uni.com,Evvie134,United States,Boise,9 Larry Avenue,2,1,3/24/1985,1500
135,Coral,Whall,Female,6/23/1956,571-271-9413,WhallCoral135@Uni.com,Coral135,United States,Vienna,4 Pawling Alley,2,1,1/17/2011,1500
136,Lanna,Eyam,Female,7/23/1948,601-430-3347,EyamLanna136@Uni.com,Lanna136,United States,Jackson,20 Continental Street,2,1,12/16/1952,1500
137,Gabie,Libbe,Female,9/1/1990,559-914-6027,LibbeGabie137@Uni.com,Gabie137,United States,Fresno,3 Clemons Drive,2,1,4/23/1971,1500
138,Newton,Redolfi,Male,2/18/2021,601-311-1613,RedolfiNewton138@Uni.com,Newton138,United States,Jackson,78 Mesta Way,2,1,7/23/1938,1500
139,Skelly,Morgen,Male,5/5/1970,213-498-7639,MorgenSkelly139@Uni.com,Skelly139,United Kingdom,London,5 Loftsgordon Road,2,1,8/23/1994,1500
140,Fabio,Fransemai,Male,3/22/1951,520-684-1013,FransemaiFabio140@Uni.com,Fabio140,United States,Tucson,59623 High Crossing Lane,2,1,8/9/2004,1500
141,Ellette,Bothams,Female,3/19/2019,317-155-7992,BothamsEllette141@Uni.com,Ellette141,United States,Indianapolis,22188 Scofield Drive,2,1,6/8/2011,1500
142,Waylon,Caswall,Male,4/1/2012,309-838-9328,CaswallWaylon142@Uni.com,Waylon142,United States,Peoria,2 Hovde Point,2,1,6/20/1914,1500
143,Cletus,Ferronel,Male,4/7/1959,818-966-6407,FerronelCletus143@Uni.com,Cletus143,United States,Los Angeles,4 Jenifer Avenue,2,1,7/18/1929,1500
144,Jose,Kochl,Male,12/30/2001,215-603-9895,KochlJose144@Uni.com,Jose144,United States,Philadelphia,7609 6th Junction,2,1,10/20/1977,1500
145,Lazar,Fehely,Male,5/9/1922,585-847-6132,FehelyLazar145@Uni.com,Lazar145,United States,Rochester,43908 Eggendart Crossing,2,1,7/10/1994,1500
146,Stephenie,Sweetman,Female,8/23/1941,205-686-2514,SweetmanStephenie146@Uni.com,Stephenie146,United States,Tuscaloosa,12239 Sutherland Circle,2,1,12/27/2020,1500
147,Moreen,Cleeves,Female,9/26/1953,704-872-8569,CleevesMoreen147@Uni.com,Moreen147,United States,Charlotte,21 Texas Parkway,2,1,9/5/1922,1500
148,Grove,Tubbs,Male,6/19/1904,419-715-2235,TubbsGrove148@Uni.com,Grove148,United States,Toledo,5836 Coolidge Park,2,1,4/19/1901,1500
149,Garv,Card,Male,1/16/2001,313-815-1355,CardGarv149@Uni.com,Garv149,United States,Detroit,09 Columbus Parkway,2,1,8/13/1904,1500
150,Jory,Bartoszinski,Male,6/22/1933,754-479-8015,BartoszinskiJory150@Uni.com,Jory150,United States,Pompano Beach,784 Florence Street,2,1,3/25/2003,1500
151,Erich,Gavrielli,Male,4/1/1907,810-250-3994,GavrielliErich151@Uni.com,Erich151,United States,Detroit,902 Moose Road,2,1,10/23/2003,1500
152,Emanuel,Jacquemy,Male,10/26/1920,212-772-1309,JacquemyEmanuel152@Uni.com,Emanuel152,United States,New York City,580 Mccormick Plaza,2,1,8/24/1972,1500
153,Kingston,Pring,Male,8/29/1952,314-751-5505,PringKingston153@Uni.com,Kingston153,United States,Saint Louis,649 Ludington Terrace,2,1,8/13/1921,1500
154,Prentiss,Cejka,Male,2/17/1949,615-807-1824,CejkaPrentiss154@Uni.com,Prentiss154,United States,Nashville,9926 Basil Plaza,2,1,10/2/1909,1500
155,Elane,Skerratt,Female,10/3/1998,330-247-9143,SkerrattElane155@Uni.com,Elane155,United States,Akron,06 Pine View Trail,2,1,1/29/2005,1500
156,Barry,Ashford,Male,1/5/1930,615-645-7177,AshfordBarry156@Uni.com,Barry156,United States,Nashville,89 Helena Avenue,2,1,10/25/1912,1500
157,Penny,Burras,Male,5/26/1900,405-396-7298,BurrasPenny157@Uni.com,Penny157,United States,Oklahoma City,38 Bellgrove Terrace,2,1,10/23/1900,1500
158,Raff,Loadwick,Male,12/16/1952,402-446-1957,LoadwickRaff158@Uni.com,Raff158,United States,Omaha,599 Reinke Parkway,2,1,2/2/1952,1500
159,Wolfie,Ratke,Male,8/2/1903,310-300-0402,RatkeWolfie159@Uni.com,Wolfie159,United States,Los Angeles,469 Petterle Alley,2,1,5/19/1963,1500
160,Holly-anne,Denerley,Female,1/18/1901,503-566-4704,DenerleyHolly-anne160@Uni.com,Holly-anne160,United States,Portland,8 Paget Road,2,1,3/24/1906,1500
161,Tessi,Renol,Female,2/28/1901,719-863-2087,RenolTessi161@Uni.com,Tessi161,United States,Colorado Springs,21495 Prairieview Parkway,2,1,3/25/1956,1500
162,Gilberto,Luna,Male,11/6/1914,615-857-4264,LunaGilberto162@Uni.com,Gilberto162,United States,Nashville,88 Blaine Street,2,1,9/7/1986,1500
163,Killian,Bockin,Male,9/11/1944,702-433-0018,BockinKillian163@Uni.com,Killian163,United States,Reno,392 Rowland Way,2,1,4/5/2010,1500
164,Kenneth,Towner,Male,6/6/2001,713-369-5649,TownerKenneth164@Uni.com,Kenneth164,United States,Houston,9 Susan Road,2,1,4/12/1906,1500
165,Lela,Hoonahan,Female,2/2/1900,972-382-9868,HoonahanLela165@Uni.com,Lela165,United States,Dallas,691 Iowa Plaza,2,1,6/1/1954,1500
166,Jodie,Staddon,Female,2/13/1974,304-818-8770,StaddonJodie166@Uni.com,Jodie166,United States,Huntington,52952 Bartelt Terrace,2,1,7/9/1965,1500
167,Larisa,Figures,Female,5/10/2021,561-974-8174,FiguresLarisa167@Uni.com,Larisa167,United States,Boca Raton,7 Westend Lane,2,1,2/5/2004,1500
168,Lethia,Bartot,Female,12/31/1900,816-667-3019,BartotLethia168@Uni.com,Lethia168,United States,Kansas City,65613 Maywood Place,2,1,3/21/1988,1500
169,Llywellyn,Tregidgo,Male,3/6/1919,405-755-4773,TregidgoLlywellyn169@Uni.com,Llywellyn169,United States,Oklahoma City,63759 Fair Oaks Street,2,1,12/31/1914,1500
170,Karmen,Pass,Female,4/20/1923,912-755-1796,PassKarmen170@Uni.com,Karmen170,United States,Savannah,98 Oakridge Center,2,1,4/6/1918,1500
171,Kayley,Wiersma,Female,4/9/1967,512-987-8476,WiersmaKayley171@Uni.com,Kayley171,United States,Austin,765 Westridge Way,2,1,10/16/1946,1500
172,Hinze,Elloway,Male,11/29/1986,719-694-9112,EllowayHinze172@Uni.com,Hinze172,United States,Colorado Springs,1 Sloan Avenue,2,1,9/10/1925,1500
173,Almire,McGuffog,Female,12/4/1912,571-957-2784,McGuffogAlmire173@Uni.com,Almire173,United States,Dulles,82 Golf Course Plaza,2,1,2/3/1936,1500
174,Hattie,Dowsey,Female,2/4/2009,239-480-8060,DowseyHattie174@Uni.com,Hattie174,United States,Naples,888 Browning Lane,2,1,7/8/1976,1500
175,Duffy,Cottom,Male,3/2/1991,901-139-5660,CottomDuffy175@Uni.com,Duffy175,United States,Memphis,89095 Eliot Drive,2,1,1/11/1995,1500
176,Valeria,Rylett,Female,3/1/1970,520-569-0097,RylettValeria176@Uni.com,Valeria176,United States,Tucson,7 Lien Plaza,2,1,1/19/1918,1500
177,Emlen,Wheelan,Male,4/17/1991,512-522-9889,WheelanEmlen177@Uni.com,Emlen177,United States,Austin,488 Old Shore Alley,2,1,8/29/1911,1500
178,Moore,Perett,Male,11/15/1956,562-294-4885,PerettMoore178@Uni.com,Moore178,United States,Whittier,54762 Banding Terrace,2,1,8/21/1916,1500
179,Allie,Lydiard,Female,11/1/1990,512-343-9703,LydiardAllie179@Uni.com,Allie179,United States,Austin,62728 Goodland Center,2,1,8/25/1900,1500
180,Jeramie,Crackett,Male,4/25/1927,516-724-1581,CrackettJeramie180@Uni.com,Jeramie180,United States,Hicksville,3901 Arrowood Hill,2,1,9/10/1984,1500
181,Katha,Lorenzini,Female,11/5/1938,202-103-0649,LorenziniKatha181@Uni.com,Katha181,United States,Washington,8 Straubel Place,2,2,11/14/2013,1500
182,Pauletta,Service,Female,7/8/1947,512-335-6481,ServicePauletta182@Uni.com,Pauletta182,United States,Austin,54 Hermina Plaza,2,2,4/17/1947,1500
183,Whitney,Carah,Female,1/26/2011,918-932-0772,CarahWhitney183@Uni.com,Whitney183,United States,Tulsa,2 Morningstar Avenue,2,2,9/22/1973,1500
184,Quinlan,Seston,Male,7/8/1989,915-479-4201,SestonQuinlan184@Uni.com,Quinlan184,United States,El Paso,339 Mallory Lane,2,2,10/10/1951,1500
185,Catherina,Perrygo,Female,4/5/1917,318-916-9110,PerrygoCatherina185@Uni.com,Catherina185,United States,Shreveport,8 Wayridge Crossing,2,2,12/15/1968,1500
186,Bartel,Zarfati,Male,4/9/1986,915-939-2607,ZarfatiBartel186@Uni.com,Bartel186,United States,El Paso,9 Eliot Place,2,2,5/4/2003,1500
187,Crysta,Whatsize,Female,9/8/1988,916-993-0887,WhatsizeCrysta187@Uni.com,Crysta187,United States,Chico,40783 Comanche Pass,2,2,11/6/1954,1500
188,Doreen,Lettice,Female,7/1/1901,505-379-1715,LetticeDoreen188@Uni.com,Doreen188,United States,Las Cruces,988 Debra Terrace,2,2,2/4/1919,1500
189,Raimundo,Osipenko,Male,5/23/1955,918-618-3343,OsipenkoRaimundo189@Uni.com,Raimundo189,United States,Tulsa,435 Kim Lane,2,2,5/13/1985,1500
190,Babara,Robke,Female,6/1/1974,330-914-7651,RobkeBabara190@Uni.com,Babara190,United States,Youngstown,97 Rowland Crossing,2,2,12/28/2015,1500
191,Alasteir,Jaycock,Male,10/3/1999,910-637-4140,JaycockAlasteir191@Uni.com,Alasteir191,United States,Greensboro,65400 Dovetail Avenue,2,2,5/30/1918,1500
192,Hirsch,McGrirl,Male,3/10/1947,546-364-9439,McGrirlHirsch192@Uni.com,Hirsch192,United Kingdom,Ford,749 Randy Road,2,2,12/27/1915,1500
193,Amby,Dooher,Male,11/3/1956,707-643-4081,DooherAmby193@Uni.com,Amby193,United States,Santa Rosa,333 Mitchell Parkway,2,2,5/10/1950,1500
194,Anna,Rudolfer,Female,9/29/1917,394-453-4794,RudolferAnna194@Uni.com,Anna194,United Kingdom,London,49153 Green Avenue,2,2,10/7/1966,1500
195,Arnie,Lindley,Male,12/17/1933,574-490-2896,LindleyArnie195@Uni.com,Arnie195,United States,South Bend,7 Lakewood Avenue,2,2,10/21/1931,1500
196,Margot,Froom,Female,10/6/1983,215-721-8454,FroomMargot196@Uni.com,Margot196,United States,Philadelphia,3711 Ilene Point,2,2,7/9/1952,1500
197,Enoch,Ingerfield,Male,1/9/1911,229-101-3776,IngerfieldEnoch197@Uni.com,Enoch197,United States,Decatur,6316 Evergreen Circle,2,2,12/8/1975,1500
198,Normand,Havile,Male,1/19/1981,804-397-2270,HavileNormand198@Uni.com,Normand198,United States,Richmond,0163 Meadow Vale Terrace,2,2,1/7/2009,1500
199,Leroy,Perch,Male,12/23/2011,602-258-0884,PerchLeroy199@Uni.com,Leroy199,United States,Phoenix,1 Glacier Hill Center,2,2,11/1/1974,1500
200,Moina,Entwisle,Female,2/10/1981,206-217-9120,EntwisleMoina200@Uni.com,Moina200,United States,Seattle,39980 Little Fleur Lane,2,2,1/13/1983,1500
201,Northrop,Carnilian,Male,11/25/1952,917-824-3948,CarnilianNorthrop201@Uni.com,Northrop201,United States,Bronx,2 Fremont Center,2,2,8/23/1911,1500
202,Earvin,Whitington,Male,5/24/2011,303-573-4200,WhitingtonEarvin202@Uni.com,Earvin202,United States,Denver,13 Sheridan Pass,2,2,7/14/1937,1500
203,Locke,Egle,Male,7/8/2016,480-945-2255,EgleLocke203@Uni.com,Locke203,United Kingdom,Kirkton,5 Crescent Oaks Trail,2,2,8/5/1930,1500
204,Jeralee,Melloy,Female,11/7/1942,601-529-4782,MelloyJeralee204@Uni.com,Jeralee204,United States,Jackson,12572 Tony Street,2,2,2/22/2021,1500
205,Brigid,Jindacek,Female,3/9/1912,808-351-3976,JindacekBrigid205@Uni.com,Brigid205,United States,Honolulu,7455 Farragut Park,2,2,1/31/1998,1500
206,Laverne,Grinter,Female,5/31/1917,215-679-7614,GrinterLaverne206@Uni.com,Laverne206,United States,Philadelphia,8 Fieldstone Junction,2,2,9/4/1975,1500
207,Elston,McGeown,Male,4/8/1945,814-693-7966,McGeownElston207@Uni.com,Elston207,United States,Erie,60 Debs Avenue,2,2,9/30/1988,1500
208,Nealson,Rilton,Male,9/24/1974,952-962-9138,RiltonNealson208@Uni.com,Nealson208,United States,Young America,169 Thompson Lane,2,2,9/11/1921,1500
209,Erin,Rawkesby,Female,2/7/1976,360-343-5181,RawkesbyErin209@Uni.com,Erin209,United States,Olympia,5785 Upham Lane,2,2,1/24/2004,1500
210,Rob,Turfrey,Male,1/26/1953,917-493-2025,TurfreyRob210@Uni.com,Rob210,United States,New York City,392 Kings Terrace,2,2,8/2/2006,1500
211,Rem,Carswell,Male,6/7/1946,561-865-5704,CarswellRem211@Uni.com,Rem211,United States,Delray Beach,72 Luster Alley,2,2,11/8/2016,1500
212,Ariadne,Aggas,Female,6/26/1963,203-337-1816,AggasAriadne212@Uni.com,Ariadne212,United States,Stamford,14479 Waubesa Park,2,2,8/14/1993,1500
213,Prisca,Alphonso,Female,11/23/2019,617-134-6726,AlphonsoPrisca213@Uni.com,Prisca213,United States,Boston,28088 Mesta Terrace,2,2,11/23/1915,1500
214,Kirbee,Youens,Female,2/13/1972,202-558-8404,YouensKirbee214@Uni.com,Kirbee214,United States,Washington,64 Continental Way,2,2,7/28/1913,1500
215,Fenelia,Battleson,Female,1/30/1959,863-582-6045,BattlesonFenelia215@Uni.com,Fenelia215,United States,Largo,33 Orin Center,2,2,12/5/1929,1500
216,Evangelin,Breslauer,Female,7/17/1964,407-878-3979,BreslauerEvangelin216@Uni.com,Evangelin216,United States,Orlando,2 Valley Edge Junction,2,2,6/23/1974,1500
217,Claudio,Mintoff,Male,8/25/1917,214-912-7280,MintoffClaudio217@Uni.com,Claudio217,United States,Dallas,3 Almo Circle,2,2,3/17/2010,1500
218,Garwin,Celli,Male,8/26/1902,562-675-5992,CelliGarwin218@Uni.com,Garwin218,United States,Whittier,84 Raven Alley,2,2,10/10/1926,1500
219,Gavra,Coulton,Female,10/31/1944,599-773-1269,CoultonGavra219@Uni.com,Gavra219,United Kingdom,Newport,49264 Summerview Center,2,2,10/4/2017,1500
220,Lanny,Succamore,Female,9/3/1936,319-179-3078,SuccamoreLanny220@Uni.com,Lanny220,United States,Cedar Rapids,6 High Crossing Alley,2,2,4/6/1973,1500
221,Clemmy,Biskupski,Female,2/19/1950,901-490-9633,BiskupskiClemmy221@Uni.com,Clemmy221,United States,Memphis,5 Eliot Terrace,2,2,12/18/1996,1500
222,Mathe,McElvogue,Male,3/20/1963,215-672-5727,McElvogueMathe222@Uni.com,Mathe222,United States,Philadelphia,163 American Parkway,2,2,4/8/1962,1500
223,Eloisa,Stockney,Female,4/14/1945,503-109-3673,StockneyEloisa223@Uni.com,Eloisa223,United States,Beaverton,9 Milwaukee Place,2,2,12/31/1952,1500
224,Brigitte,Towlson,Female,5/30/1989,775-547-3647,TowlsonBrigitte224@Uni.com,Brigitte224,United States,Sparks,3490 Kipling Lane,2,2,2/19/2017,1500
225,Jedidiah,Gainseford,Male,10/29/1964,615-919-2573,GainsefordJedidiah225@Uni.com,Jedidiah225,United States,Nashville,82 Forster Lane,2,2,2/4/1931,1500
226,Wat,Raspison,Male,2/25/1910,805-348-3189,RaspisonWat226@Uni.com,Wat226,United States,Santa Barbara,58417 Northport Place,2,2,1/18/1952,1500
227,Harmonie,Olner,Female,11/24/1916,714-198-6348,OlnerHarmonie227@Uni.com,Harmonie227,United States,Fresno,6767 Johnson Hill,2,2,12/8/1968,1500
228,Brandon,Gladdish,Male,7/6/1945,856-686-2671,GladdishBrandon228@Uni.com,Brandon228,United States,Camden,14801 Toban Plaza,2,2,3/27/1946,1500
229,Brander,Dupree,Male,6/25/1927,813-240-6266,DupreeBrander229@Uni.com,Brander229,United States,Tampa,24148 Buell Way,2,2,4/8/1939,1500
230,Selma,Decaze,Female,3/14/2019,808-787-8989,DecazeSelma230@Uni.com,Selma230,United States,Honolulu,822 Maryland Pass,2,2,12/10/1960,1500
231,Akim,Selburn,Male,7/5/1900,443-941-5982,SelburnAkim231@Uni.com,Akim231,United States,Baltimore,03340 Shasta Circle,2,2,3/10/1997,1500
232,Zelig,Markham,Male,9/26/1980,570-235-1679,MarkhamZelig232@Uni.com,Zelig232,United States,Wilkes Barre,079 Vera Parkway,2,2,11/17/1964,1500
233,Kally,Mayzes,Female,12/11/1978,316-897-4080,MayzesKally233@Uni.com,Kally233,United States,Wichita,4323 Coolidge Way,2,2,1/26/1917,1500
234,Jonathan,Laverenz,Male,12/30/1970,216-983-4644,LaverenzJonathan234@Uni.com,Jonathan234,United States,Cleveland,033 Farwell Center,2,2,3/15/1902,1500
235,Ara,Spitell,Male,9/22/2012,862-246-5715,SpitellAra235@Uni.com,Ara235,United States,Newark,875 Buena Vista Lane,2,2,1/24/1994,1500
236,Kass,Eversfield,Female,1/4/1990,702-152-5913,EversfieldKass236@Uni.com,Kass236,United States,Las Vegas,62907 Mayfield Road,2,2,11/16/1925,1500
237,Hoebart,Bewfield,Male,12/12/1987,203-722-9105,BewfieldHoebart237@Uni.com,Hoebart237,United States,Danbury,4 Porter Pass,2,2,11/2/1928,1500
238,Arluene,Quarton,Female,2/14/1959,404-692-6397,QuartonArluene238@Uni.com,Arluene238,United States,Atlanta,090 Menomonie Court,2,2,5/19/1969,1500
239,Prudy,Dowall,Female,1/21/1976,814-438-6784,DowallPrudy239@Uni.com,Prudy239,United States,Erie,44017 Granby Parkway,2,2,12/30/1987,1500
240,Jarret,Gunning,Male,3/10/2001,919-189-9776,GunningJarret240@Uni.com,Jarret240,United States,Raleigh,83146 Warrior Circle,2,2,7/2/1954,1500
241,Ryon,Weld,Male,5/6/2007,714-160-7566,WeldRyon241@Uni.com,Ryon241,United States,Fullerton,31 Service Terrace,3,1,9/25/1933,1500
242,Brittni,Ludye,Female,7/3/2021,936-702-9792,LudyeBrittni242@Uni.com,Brittni242,United States,Conroe,734 Rusk Trail,3,1,6/1/1986,1500
243,Yancey,Rival,Male,11/27/1921,213-296-6776,RivalYancey243@Uni.com,Yancey243,United States,Los Angeles,111 Express Place,3,1,7/3/2008,1500
244,Isabella,Haldon,Female,2/3/1936,210-176-2718,HaldonIsabella244@Uni.com,Isabella244,United States,San Antonio,3 Fairfield Court,3,1,7/27/1925,1500
245,Bryanty,Darville,Male,4/7/2013,602-345-2570,DarvilleBryanty245@Uni.com,Bryanty245,United States,Phoenix,21616 Columbus Point,3,1,6/30/2010,1500
246,Carrie,Beadham,Female,3/31/1943,404-521-9827,BeadhamCarrie246@Uni.com,Carrie246,United States,Cumming,1635 Village Green Point,3,1,4/13/1995,1500
247,Gertrude,Dunnett,Female,5/12/1970,513-765-3175,DunnettGertrude247@Uni.com,Gertrude247,United States,Cincinnati,81 Commercial Parkway,3,1,2/15/1942,1500
248,Jerry,Ludovico,Female,1/25/1914,812-241-7084,LudovicoJerry248@Uni.com,Jerry248,United States,Jeffersonville,1 Menomonie Hill,3,1,9/16/1977,1500
249,Igor,Scurrey,Male,11/3/1901,309-144-6900,ScurreyIgor249@Uni.com,Igor249,United States,Peoria,562 Comanche Parkway,3,1,9/4/1943,1500
250,Reggi,Binch,Female,2/14/1987,713-131-1672,BinchReggi250@Uni.com,Reggi250,United States,Houston,770 Melody Way,3,1,9/2/1901,1500
251,Babette,Burditt,Female,6/8/1968,316-428-1672,BurdittBabette251@Uni.com,Babette251,United States,Wichita,9 Moland Circle,3,1,12/27/2011,1500
252,Weber,Vial,Male,5/23/2020,916-595-5627,VialWeber252@Uni.com,Weber252,United States,Sacramento,261 5th Road,3,1,9/9/1926,1500
253,Beale,Berrick,Male,4/24/1978,651-108-7178,BerrickBeale253@Uni.com,Beale253,United States,Saint Paul,60 Hallows Lane,3,1,4/14/1924,1500
254,Haskell,Swannick,Male,9/23/1994,602-348-8680,SwannickHaskell254@Uni.com,Haskell254,United States,Phoenix,6858 Forest Run Parkway,3,1,7/21/1975,1500
255,Franky,Bompass,Male,4/6/1976,360-160-0635,BompassFranky255@Uni.com,Franky255,United States,Seattle,882 Kenwood Lane,3,1,11/11/2018,1500
256,Tull,Pottberry,Male,6/23/1993,210-191-8536,PottberryTull256@Uni.com,Tull256,United States,San Antonio,0371 Atwood Alley,3,1,10/5/1954,1500
257,Reena,Burfitt,Female,12/6/1978,503-361-3752,BurfittReena257@Uni.com,Reena257,United States,Beaverton,2576 Packers Center,3,1,9/26/1931,1500
258,Dallis,Seedull,Male,3/7/1972,433-523-2871,SeedullDallis258@Uni.com,Dallis258,United Kingdom,Sheffield,35275 Moland Hill,3,1,1/27/1974,1500
259,Stephenie,Wintle,Female,9/13/2005,571-580-5147,WintleStephenie259@Uni.com,Stephenie259,United States,Alexandria,98445 Hovde Alley,3,1,6/19/1912,1500
260,Nellie,Bednall,Female,9/15/1997,202-155-8558,BednallNellie260@Uni.com,Nellie260,United States,Washington,69498 Forest Run Place,3,1,12/21/1999,1500
261,Rees,Rosedale,Male,2/6/1920,360-946-2627,RosedaleRees261@Uni.com,Rees261,United States,Vancouver,33 Lawn Street,3,1,9/16/1900,1500
262,Olympia,Corsan,Female,10/22/1924,515-669-0706,CorsanOlympia262@Uni.com,Olympia262,United States,Des Moines,3445 Cordelia Street,3,1,9/1/2012,1500
263,Candy,Strathearn,Female,12/7/2018,518-771-3503,StrathearnCandy263@Uni.com,Candy263,United States,Albany,489 Barby Hill,3,1,2/25/1989,1500
264,Helge,Sexti,Female,5/12/1933,432-278-5867,SextiHelge264@Uni.com,Helge264,United States,Odessa,30875 Mariners Cove Junction,3,1,8/16/1908,1500
265,Wait,Cubbon,Male,11/17/1990,937-690-0017,CubbonWait265@Uni.com,Wait265,United States,Dayton,57489 Holmberg Crossing,3,1,7/26/2016,1500
266,Michelina,Volett,Female,2/4/1949,212-463-5557,VolettMichelina266@Uni.com,Michelina266,United States,New York City,20881 Kedzie Point,3,1,5/9/1964,1500
267,Gabi,Bowring,Female,5/12/1958,402-651-1722,BowringGabi267@Uni.com,Gabi267,United States,Lincoln,79057 Garrison Avenue,3,1,7/5/1904,1500
268,Livvie,Carlsson,Female,6/25/1985,512-985-6496,CarlssonLivvie268@Uni.com,Livvie268,United States,Austin,47 Straubel Park,3,1,12/25/1935,1500
269,Honey,Speed,Female,11/5/1914,267-294-3533,SpeedHoney269@Uni.com,Honey269,United States,Philadelphia,70371 Lien Junction,3,1,9/18/1991,1500
270,Binky,Dukes,Male,5/24/1911,267-157-5471,DukesBinky270@Uni.com,Binky270,United States,Philadelphia,21318 Mcguire Hill,3,1,4/24/1920,1500
271,Emmeline,Pauletto,Female,7/7/1905,312-943-5253,PaulettoEmmeline271@Uni.com,Emmeline271,United States,Chicago,10 Northridge Crossing,3,1,9/27/2019,1500
272,Trent,Vedikhov,Male,3/23/1984,504-146-5907,VedikhovTrent272@Uni.com,Trent272,United States,New Orleans,169 Linden Street,3,1,5/22/1981,1500
273,Abbe,Caughan,Male,5/10/1925,760-866-7592,CaughanAbbe273@Uni.com,Abbe273,United States,San Bernardino,480 Buena Vista Hill,3,1,5/7/1929,1500
274,Ody,Spohrmann,Male,2/5/1975,540-886-9518,SpohrmannOdy274@Uni.com,Ody274,United States,Roanoke,66 Longview Terrace,3,1,5/20/1932,1500
275,Derick,Darcey,Male,4/19/1911,512-183-3281,DarceyDerick275@Uni.com,Derick275,United States,Austin,48 Meadow Ridge Drive,3,1,1/19/2003,1500
276,Beverlie,Bloodworth,Female,3/24/1965,954-274-9464,BloodworthBeverlie276@Uni.com,Beverlie276,United States,Orlando,4647 Mcbride Junction,3,1,11/26/1925,1500
277,Tymothy,Adney,Male,6/27/1925,573-327-6399,AdneyTymothy277@Uni.com,Tymothy277,United States,Jefferson City,57 Calypso Pass,3,1,12/15/1978,1500
278,Garreth,Lill,Male,5/31/2016,570-178-8834,LillGarreth278@Uni.com,Garreth278,United States,Scranton,9342 Hallows Center,3,1,3/22/1963,1500
279,Gail,Le Fleming,Female,4/13/1997,513-896-4289,Le FlemingGail279@Uni.com,Gail279,United States,Cincinnati,663 Swallow Park,3,1,8/23/1945,1500
280,Hubey,Cudmore,Male,9/11/2007,757-900-5203,CudmoreHubey280@Uni.com,Hubey280,United States,Norfolk,859 West Road,3,1,7/12/1997,1500
281,Shanta,Bruniges,Female,11/14/1976,262-872-7068,BrunigesShanta281@Uni.com,Shanta281,United States,Racine,0 Paget Center,3,1,7/31/1973,1500
282,Kaine,Bamforth,Male,2/29/1960,202-575-6583,BamforthKaine282@Uni.com,Kaine282,United States,Washington,8 Browning Point,3,1,8/4/1993,1500
283,Amberly,Slocket,Female,6/15/1937,912-998-5596,SlocketAmberly283@Uni.com,Amberly283,United States,Savannah,45656 Acker Terrace,3,1,8/31/1907,1500
284,Von,Di Frisco,Male,4/6/2004,520-195-9345,Di FriscoVon284@Uni.com,Von284,United States,Tucson,4741 Nevada Circle,3,1,7/28/1954,1500
285,Amby,Demaine,Male,9/26/1929,303-818-9311,DemaineAmby285@Uni.com,Amby285,United States,Englewood,019 Southridge Drive,3,1,4/2/1943,1500
286,Stephani,Holdworth,Female,8/14/1909,614-837-8720,HoldworthStephani286@Uni.com,Stephani286,United States,Columbus,62717 Hoffman Center,3,1,10/30/1956,1500
287,Ashby,Weatherburn,Male,2/3/1965,918-991-1931,WeatherburnAshby287@Uni.com,Ashby287,United States,Tulsa,48 Northview Crossing,3,1,2/5/1938,1500
288,Leonelle,Morilla,Female,2/10/1970,804-272-5060,MorillaLeonelle288@Uni.com,Leonelle288,United States,Richmond,90 Reinke Crossing,3,1,7/12/1994,1500
289,Dominique,Bartolomivis,Female,5/19/1928,434-365-9679,BartolomivisDominique289@Uni.com,Dominique289,United States,Lynchburg,88 David Park,3,1,4/10/1986,1500
290,Tirrell,Moles,Male,4/22/1994,405-127-3137,MolesTirrell290@Uni.com,Tirrell290,United States,Oklahoma City,92 Pearson Hill,3,1,10/19/1927,1500
291,Afton,Henze,Female,5/14/2004,253-706-3501,HenzeAfton291@Uni.com,Afton291,United States,Seattle,9610 Homewood Circle,3,1,11/6/1993,1500
292,Abbot,Grote,Male,3/29/1917,520-937-6366,GroteAbbot292@Uni.com,Abbot292,United States,Tucson,8 Sachs Crossing,3,1,5/22/1968,1500
293,Noami,Buxton,Female,7/15/1915,303-685-4850,BuxtonNoami293@Uni.com,Noami293,United States,Denver,5306 Stoughton Plaza,3,1,10/31/1994,1500
294,Findlay,Glendinning,Male,10/14/1980,941-383-3062,GlendinningFindlay294@Uni.com,Findlay294,United States,Bradenton,40871 Fremont Hill,3,1,1/3/1949,1500
295,Michelina,Guilliatt,Female,4/6/2009,214-333-6514,GuilliattMichelina295@Uni.com,Michelina295,United States,Dallas,26071 Clarendon Terrace,3,1,12/31/1949,1500
296,Shana,Motherwell,Female,10/25/1995,398-896-7264,MotherwellShana296@Uni.com,Shana296,United Kingdom,Pentre,9 Crownhardt Center,3,1,4/19/1903,1500
297,Gav,Andrysiak,Male,1/10/1921,310-322-6430,AndrysiakGav297@Uni.com,Gav297,United States,Santa Monica,7194 Maple Wood Lane,3,1,11/9/2012,1500
298,Orran,Rough,Male,12/24/1956,725-776-9806,RoughOrran298@Uni.com,Orran298,United Kingdom,Craigavon,77 Melby Hill,3,1,11/17/1981,1500
299,Addison,McGrane,Male,1/12/1960,229-836-2760,McGraneAddison299@Uni.com,Addison299,United States,Lawrenceville,2 Brown Parkway,3,1,3/30/1923,1500
300,Hayden,McCarrison,Male,6/1/1911,515-981-7871,McCarrisonHayden300@Uni.com,Hayden300,United States,Des Moines,7 Charing Cross Terrace,3,1,7/30/1932,1500
301,Cos,Moxon,Male,7/7/1925,804-224-8227,MoxonCos301@Uni.com,Cos301,United States,Richmond,0414 Waywood Circle,3,2,1/27/1998,1500
302,Biron,Ruste,Male,8/18/1935,282-332-0389,RusteBiron302@Uni.com,Biron302,United Kingdom,Horton,9628 Manufacturers Alley,3,2,7/18/1926,1500
303,Aurora,Raimbauld,Female,9/13/1949,682-856-8396,RaimbauldAurora303@Uni.com,Aurora303,United States,Fort Worth,2 Norway Maple Circle,3,2,9/20/1959,1500
304,Marlowe,Swadling,Male,9/29/1910,847-744-4410,SwadlingMarlowe304@Uni.com,Marlowe304,United States,Palatine,2 Kingsford Hill,3,2,8/29/1945,1500
305,Claudio,Obal,Male,4/29/2008,212-660-0559,ObalClaudio305@Uni.com,Claudio305,United States,New York City,83 Brentwood Trail,3,2,2/7/1958,1500
306,Marion,McKennan,Male,3/22/1942,419-561-6514,McKennanMarion306@Uni.com,Marion306,United States,Toledo,62 Mesta Way,3,2,10/13/1973,1500
307,Sigismundo,Giacoppoli,Male,12/27/1948,202-188-1269,GiacoppoliSigismundo307@Uni.com,Sigismundo307,United States,Washington,102 Monica Plaza,3,2,3/27/1988,1500
308,Ximenez,Waterfall,Male,8/1/1928,419-983-3882,WaterfallXimenez308@Uni.com,Ximenez308,United States,Hamilton,11 Spohn Park,3,2,9/13/1972,1500
309,Olenolin,Probate,Male,8/3/1912,763-469-9062,ProbateOlenolin309@Uni.com,Olenolin309,United States,Minneapolis,0 Roxbury Place,3,2,5/26/1937,1500
310,Zane,Hellicar,Male,10/17/1926,251-656-4142,HellicarZane310@Uni.com,Zane310,United States,Mobile,9008 Hallows Alley,3,2,11/30/1955,1500
311,Dewitt,Helliwell,Male,11/3/1966,915-856-4189,HelliwellDewitt311@Uni.com,Dewitt311,United States,El Paso,8464 Fairview Street,3,2,2/2/1984,1500
312,Amanda,Graysmark,Female,8/11/1925,571-242-3051,GraysmarkAmanda312@Uni.com,Amanda312,United States,Dulles,34041 6th Court,3,2,7/25/1943,1500
313,Mar,Souness,Male,6/12/1937,815-444-5686,SounessMar313@Uni.com,Mar313,United States,Rockford,06 3rd Parkway,3,2,10/8/2012,1500
314,Riccardo,Yaneev,Male,8/28/1985,559-623-5921,YaneevRiccardo314@Uni.com,Riccardo314,United States,Fresno,2 Nelson Circle,3,2,1/21/1954,1500
315,Milton,Wheowall,Male,4/9/1957,651-883-9401,WheowallMilton315@Uni.com,Milton315,United States,Saint Paul,7081 Fieldstone Court,3,2,9/5/1997,1500
316,Kerrie,Schwaiger,Female,6/7/1997,646-167-8081,SchwaigerKerrie316@Uni.com,Kerrie316,United States,Brooklyn,9 Bellgrove Drive,3,2,10/21/2017,1500
317,Gerrie,Bantock,Female,2/25/1986,386-637-2422,BantockGerrie317@Uni.com,Gerrie317,United States,Daytona Beach,5674 Park Meadow Terrace,3,2,3/4/1912,1500
318,Rey,Duffil,Female,10/6/1953,419-127-5377,DuffilRey318@Uni.com,Rey318,United States,Hamilton,406 Carberry Park,3,2,3/12/1969,1500
319,Courtney,Chislett,Female,8/10/1921,415-305-6889,ChislettCourtney319@Uni.com,Courtney319,United States,Oakland,6 Mallard Crossing,3,2,2/5/2004,1500
320,Lindsey,Skews,Male,7/18/1906,812-522-2967,SkewsLindsey320@Uni.com,Lindsey320,United States,Terre Haute,6 Merrick Circle,3,2,1/29/1968,1500
321,Sammy,Ormonde,Male,3/15/1998,313-152-6429,OrmondeSammy321@Uni.com,Sammy321,United States,Detroit,65322 Thackeray Point,3,2,11/21/2002,1500
322,Merridie,Coorington,Female,3/15/1981,402-432-1755,CooringtonMerridie322@Uni.com,Merridie322,United States,Omaha,8945 Loeprich Pass,3,2,12/8/1925,1500
323,Lynnea,Deason,Female,5/13/1990,757-949-5026,DeasonLynnea323@Uni.com,Lynnea323,United States,Virginia Beach,1542 Susan Way,3,2,9/15/1935,1500
324,Tillie,Rosthorn,Female,10/26/1995,303-772-9894,RosthornTillie324@Uni.com,Tillie324,United States,Aurora,29 Vidon Hill,3,2,12/3/1908,1500
325,Saleem,Aucourte,Male,8/6/2021,637-468-2680,AucourteSaleem325@Uni.com,Saleem325,United Kingdom,Ford,412 Graceland Court,3,2,11/26/1945,1500
326,Jeniece,MacCorley,Female,5/15/1917,620-340-2696,MacCorleyJeniece326@Uni.com,Jeniece326,United Kingdom,London,047 Veith Court,3,2,12/23/1921,1500
327,Petronilla,Masserel,Female,8/8/1946,704-494-4682,MasserelPetronilla327@Uni.com,Petronilla327,United States,Charlotte,21923 Dayton Circle,3,2,6/9/1974,1500
328,Valentin,Balden,Male,1/24/1900,202-348-7471,BaldenValentin328@Uni.com,Valentin328,United States,Washington,14 High Crossing Hill,3,2,9/8/1918,1500
329,Herschel,Alsopp,Male,10/27/2019,510-279-9114,AlsoppHerschel329@Uni.com,Herschel329,United States,Oakland,91827 Talisman Way,3,2,6/2/2002,1500
330,Maximilianus,Effaunt,Male,10/5/1912,602-813-2898,EffauntMaximilianus330@Uni.com,Maximilianus330,United States,Phoenix,72 Crownhardt Court,3,2,4/20/2004,1500
331,Adam,Arsmith,Male,5/23/1939,716-812-8415,ArsmithAdam331@Uni.com,Adam331,United States,Buffalo,1 Cottonwood Circle,3,2,2/21/1947,1500
332,Kevina,Maestrini,Female,12/18/1959,469-525-7900,MaestriniKevina332@Uni.com,Kevina332,United Kingdom,Norton,843 Rieder Circle,3,2,12/20/1957,1500
333,Oralle,Howells,Female,11/22/1985,971-111-4260,HowellsOralle333@Uni.com,Oralle333,United States,Portland,0205 Blackbird Drive,3,2,6/14/1930,1500
334,Lillian,Folkes,Female,8/30/1966,617-903-4815,FolkesLillian334@Uni.com,Lillian334,United States,Newton,7607 Warrior Terrace,3,2,5/9/1900,1500
335,Johnette,McCalum,Female,5/11/1943,850-772-5646,McCalumJohnette335@Uni.com,Johnette335,United States,Pensacola,65668 Granby Circle,3,2,10/8/1962,1500
336,Any,Sired,Male,2/14/1956,518-945-4736,SiredAny336@Uni.com,Any336,United States,Albany,31 Oriole Circle,3,2,1/10/1919,1500
337,Brice,MacCague,Male,3/12/1931,913-583-8822,MacCagueBrice337@Uni.com,Brice337,United States,Shawnee Mission,5441 Little Fleur Park,3,2,6/7/1971,1500
338,Rudd,Skally,Male,3/22/1981,847-798-5892,SkallyRudd338@Uni.com,Rudd338,United States,Palatine,12 Northland Point,3,2,6/19/1927,1500
339,Enos,Mander,Male,1/20/1901,804-723-9874,ManderEnos339@Uni.com,Enos339,United States,Manassas,0 Onsgard Hill,3,2,1/29/1915,1500
340,Marleen,Winwright,Female,6/14/1963,434-974-4255,WinwrightMarleen340@Uni.com,Marleen340,United States,Charlottesville,1 Continental Place,3,2,10/31/1921,1500
341,Jereme,Form,Male,4/23/1906,423-510-1088,FormJereme341@Uni.com,Jereme341,United States,Chattanooga,0983 Lukken Avenue,3,2,10/17/1949,1500
342,Judie,Hartwright,Female,1/3/1901,865-460-9395,HartwrightJudie342@Uni.com,Judie342,United States,Knoxville,9362 Michigan Alley,3,2,5/19/1966,1500
343,Sissy,O'Keefe,Female,3/28/1911,517-960-6962,O'KeefeSissy343@Uni.com,Sissy343,United States,Lansing,4829 Village Green Point,3,2,12/31/1952,1500
344,Nilson,Mardle,Male,7/20/1906,401-661-4038,MardleNilson344@Uni.com,Nilson344,United States,Providence,056 Crowley Lane,3,2,7/10/2021,1500
345,Brook,Errington,Female,4/5/2004,816-965-0636,ErringtonBrook345@Uni.com,Brook345,United States,Kansas City,59504 Anniversary Court,3,2,7/5/2021,1500
346,Leda,Estoile,Female,9/24/1903,757-768-1383,EstoileLeda346@Uni.com,Leda346,United States,Virginia Beach,31745 International Road,3,2,10/7/1962,1500
347,Barron,Hounsom,Male,4/16/1927,448-414-5757,HounsomBarron347@Uni.com,Barron347,United Kingdom,Aberdeen,8 Rusk Trail,3,2,6/15/1980,1500
348,Teddy,Kellaway,Male,9/2/1938,719-224-6754,KellawayTeddy348@Uni.com,Teddy348,United States,Colorado Springs,8 Troy Drive,3,2,3/6/2013,1500
349,Farr,Lisciandri,Male,1/1/1910,317-635-4524,LisciandriFarr349@Uni.com,Farr349,United States,Indianapolis,49 Russell Trail,3,2,6/17/1904,1500
350,Alexandra,Osboldstone,Female,6/3/1965,330-621-9548,OsboldstoneAlexandra350@Uni.com,Alexandra350,United States,Warren,279 3rd Avenue,3,2,6/5/2012,1500
351,Immanuel,Hue,Male,3/16/1992,714-140-8971,HueImmanuel351@Uni.com,Immanuel351,United States,Fullerton,5 Amoth Place,3,2,12/14/1909,1500
352,Maurene,Pyke,Female,6/25/1937,336-360-2628,PykeMaurene352@Uni.com,Maurene352,United States,High Point,289 Melrose Place,3,2,12/27/2002,1500
353,Jard,Hanbidge,Male,1/18/1993,321-835-2924,HanbidgeJard353@Uni.com,Jard353,United States,Melbourne,6888 Browning Alley,3,2,10/8/2010,1500
354,Chen,Pavlovsky,Male,10/2/2020,302-385-4942,PavlovskyChen354@Uni.com,Chen354,United States,Wilmington,68208 International Center,3,2,3/6/2008,1500
355,Tracie,Yanov,Male,6/3/1950,533-787-1663,YanovTracie355@Uni.com,Tracie355,United Kingdom,Seaton,02390 Shelley Circle,3,2,2/26/1911,1500
356,Perri,Borrowman,Female,2/25/2019,203-324-3325,BorrowmanPerri356@Uni.com,Perri356,United States,New Haven,591 Bartelt Avenue,3,2,12/4/1925,1500
357,Rudolph,Fant,Male,12/3/1914,317-543-0009,FantRudolph357@Uni.com,Rudolph357,United States,Indianapolis,3455 Prairieview Court,3,2,12/25/1956,1500
358,Bronson,Sturte,Male,8/25/1932,617-140-1966,SturteBronson358@Uni.com,Bronson358,United States,Boston,6 Hovde Alley,3,2,5/25/1976,1500
359,Brandi,Aharoni,Female,5/14/1969,504-175-2507,AharoniBrandi359@Uni.com,Brandi359,United States,New Orleans,65 Rockefeller Pass,3,2,1/5/1968,1500
360,Morry,Thoday,Male,4/3/1924,704-518-5051,ThodayMorry360@Uni.com,Morry360,United States,Charlotte,7 7th Plaza,3,2,5/10/1912,1500
361,Ramon,Slatter,Male,5/4/1958,702-828-7412,SlatterRamon361@Uni.com,Ramon361,United States,Las Vegas,980 Lake View Crossing,4,1,8/1/1902,1500
362,Cherilynn,Snap,Female,7/29/1917,915-249-5657,SnapCherilynn362@Uni.com,Cherilynn362,United States,El Paso,0 Mallard Point,4,1,10/18/1910,1500
363,Gertruda,Dumbar,Female,6/30/2013,239-777-2894,DumbarGertruda363@Uni.com,Gertruda363,United States,Naples,815 Cardinal Lane,4,1,4/26/2008,1500
364,Amory,Gilstin,Male,12/9/1971,513-288-8439,GilstinAmory364@Uni.com,Amory364,United States,Cincinnati,68 Reinke Way,4,1,9/20/1967,1500
365,Shaina,Yakob,Female,12/10/2017,409-176-6278,YakobShaina365@Uni.com,Shaina365,United States,Beaumont,87 Village Trail,4,1,6/9/1918,1500
366,Silvia,Minshaw,Female,2/29/1948,703-745-2680,MinshawSilvia366@Uni.com,Silvia366,United States,Arlington,07569 Washington Circle,4,1,11/8/1969,1500
367,Mehetabel,Courtier,Female,9/5/1913,924-559-9215,CourtierMehetabel367@Uni.com,Mehetabel367,United Kingdom,Whitwell,66 Upham Court,4,1,7/31/1921,1500
368,Daffi,Mar,Female,12/1/1943,832-316-2455,MarDaffi368@Uni.com,Daffi368,United States,Katy,778 Leroy Place,4,1,9/13/1956,1500
369,Susy,Schukraft,Female,11/1/1945,860-549-4038,SchukraftSusy369@Uni.com,Susy369,United States,Hartford,290 Jana Crossing,4,1,5/9/1930,1500
370,Rab,Quigg,Male,8/30/1918,386-255-3737,QuiggRab370@Uni.com,Rab370,United States,Daytona Beach,3 Dwight Drive,4,1,3/7/2008,1500
371,Olivero,Rowthorn,Male,11/13/2007,602-548-1590,RowthornOlivero371@Uni.com,Olivero371,United States,Chandler,26652 Delladonna Junction,4,1,1/3/1930,1500
372,Philbert,Cicchetto,Male,2/27/1994,763-231-5487,CicchettoPhilbert372@Uni.com,Philbert372,United States,Minneapolis,370 Pankratz Place,4,1,4/20/1966,1500
373,Arvin,Etherson,Male,6/8/1956,267-999-6826,EthersonArvin373@Uni.com,Arvin373,United States,Philadelphia,73 Hanover Plaza,4,1,5/31/1906,1500
374,Horton,Phair,Male,1/31/1903,713-217-9047,PhairHorton374@Uni.com,Horton374,United States,Houston,86349 Drewry Road,4,1,11/2/1991,1500
375,Sheilakathryn,Jekyll,Female,10/27/1951,401-415-2570,JekyllSheilakathryn375@Uni.com,Sheilakathryn375,United States,Providence,72420 Fisk Road,4,1,7/10/1905,1500
376,Ethelda,Battram,Female,9/23/1919,805-557-7367,BattramEthelda376@Uni.com,Ethelda376,United States,Simi Valley,2 Loeprich Avenue,4,1,12/9/2010,1500
377,Biddy,Follacaro,Female,4/14/1997,915-384-4724,FollacaroBiddy377@Uni.com,Biddy377,United States,El Paso,0052 Butternut Center,4,1,7/11/1921,1500
378,Tiff,McCard,Female,3/28/1941,773-753-6127,McCardTiff378@Uni.com,Tiff378,United States,Chicago,65267 Homewood Trail,4,1,5/12/1934,1500
379,Burgess,Gurys,Male,12/19/2002,919-572-2134,GurysBurgess379@Uni.com,Burgess379,United Kingdom,Belfast,58548 Melody Street,4,1,10/18/1901,1500
380,Elsworth,Strongman,Male,6/28/1999,253-773-1416,StrongmanElsworth380@Uni.com,Elsworth380,United States,Tacoma,47642 Fallview Street,4,1,7/11/1936,1500
381,Stan,Beaument,Male,7/12/2006,601-968-9693,BeaumentStan381@Uni.com,Stan381,United States,Jackson,3663 Eliot Avenue,4,1,8/21/1912,1500
382,Kissiah,Podmore,Female,5/21/1942,413-459-9824,PodmoreKissiah382@Uni.com,Kissiah382,United States,Springfield,9726 Esch Junction,4,1,5/30/1954,1500
383,Early,Faircloth,Male,3/12/1980,402-540-3279,FairclothEarly383@Uni.com,Early383,United States,Omaha,32 Orin Road,4,1,5/27/1967,1500
384,Luke,Over,Male,6/14/2018,210-607-1191,OverLuke384@Uni.com,Luke384,United States,San Antonio,2275 Farmco Road,4,1,6/14/1959,1500
385,Iorgos,Onge,Male,12/21/2022,910-641-1698,OngeIorgos385@Uni.com,Iorgos385,United States,Wilmington,3093 Birchwood Center,4,1,7/29/1966,1500
386,Erick,Adin,Male,8/15/1999,417-745-6727,AdinErick386@Uni.com,Erick386,United States,Springfield,75 Shopko Plaza,4,1,6/2/1900,1500
387,Maribeth,Dictus,Female,6/4/1928,901-891-0206,DictusMaribeth387@Uni.com,Maribeth387,United States,Memphis,50 Hayes Terrace,4,1,5/5/1940,1500
388,Antonin,Coo,Male,12/11/1995,571-954-1430,CooAntonin388@Uni.com,Antonin388,United States,Arlington,47 Sutteridge Avenue,4,1,3/31/1925,1500
389,Elroy,Thody,Male,11/6/1900,505-378-2798,ThodyElroy389@Uni.com,Elroy389,United States,Albuquerque,9943 Charing Cross Court,4,1,7/8/1920,1500
390,Reider,Honatsch,Male,8/13/1925,814-185-5563,HonatschReider390@Uni.com,Reider390,United States,Erie,87 Twin Pines Hill,4,1,2/18/1906,1500
391,Kerry,Normaville,Female,7/18/1962,516-141-3504,NormavilleKerry391@Uni.com,Kerry391,United States,New Hyde Park,1 Chinook Pass,4,1,2/5/1958,1500
392,Lockwood,Kollasch,Male,4/16/2013,585-267-4163,KollaschLockwood392@Uni.com,Lockwood392,United States,Rochester,0902 Talmadge Lane,4,1,1/13/1971,1500
393,Edgard,McGougan,Male,2/22/2000,919-829-2681,McGouganEdgard393@Uni.com,Edgard393,United States,Durham,1 Mandrake Point,4,1,11/7/1997,1500
394,Kippar,Crichton,Male,4/27/1926,917-278-5680,CrichtonKippar394@Uni.com,Kippar394,United States,New York City,83 Armistice Court,4,1,8/18/2005,1500
395,Dorine,McCafferky,Female,9/21/1953,310-253-4961,McCafferkyDorine395@Uni.com,Dorine395,United States,Santa Monica,402 Delaware Court,4,1,5/3/2007,1500
396,Valery,Shelper,Female,2/27/2013,608-786-0330,ShelperValery396@Uni.com,Valery396,United States,Madison,33 Lakeland Crossing,4,1,9/19/1930,1500
397,Solomon,Justham,Male,8/9/1982,401-646-8045,JusthamSolomon397@Uni.com,Solomon397,United States,Amarillo,534 Old Shore Hill,4,1,11/16/1987,1500
398,Jessie,Adamovitz,Male,6/26/2002,386-178-1078,AdamovitzJessie398@Uni.com,Jessie398,United States,Daytona Beach,83009 Mcbride Way,4,1,2/28/1951,1500
399,Oberon,Guiver,Male,7/25/1905,814-178-2560,GuiverOberon399@Uni.com,Oberon399,United States,Erie,32 Del Sol Crossing,4,1,11/27/2020,1500
400,Gardy,Wallicker,Male,3/6/1927,214-233-0647,WallickerGardy400@Uni.com,Gardy400,United States,Dallas,228 Garrison Crossing,4,1,5/23/1943,1500
401,Rudd,MacAndreis,Male,1/4/1939,321-234-4841,MacAndreisRudd401@Uni.com,Rudd401,United States,Pinellas Park,4751 Manufacturers Avenue,4,1,7/17/1942,1500
402,Rudd,Proschek,Male,6/4/2002,682-272-5901,ProschekRudd402@Uni.com,Rudd402,United States,Fort Worth,6170 Morningstar Trail,4,1,3/13/2005,1500
403,Cortney,Gierth,Female,7/26/1981,704-869-4358,GierthCortney403@Uni.com,Cortney403,United States,Charlotte,2545 2nd Road,4,1,5/28/2018,1500
404,Brent,Haskins,Male,11/7/1990,773-525-1555,HaskinsBrent404@Uni.com,Brent404,United States,Chicago,3 Novick Junction,4,1,8/21/1996,1500
405,Kacey,Moiser,Female,9/12/1910,907-860-9950,MoiserKacey405@Uni.com,Kacey405,United States,Fairbanks,2660 Charing Cross Street,4,1,6/15/1929,1500
406,Berkeley,Leipelt,Male,6/30/1901,313-413-4711,LeipeltBerkeley406@Uni.com,Berkeley406,United States,Detroit,2677 Di Loreto Road,4,1,7/20/1940,1500
407,Deonne,Smeall,Female,2/14/1908,712-546-7483,SmeallDeonne407@Uni.com,Deonne407,United States,Sioux City,9 Arkansas Junction,4,1,11/10/1937,1500
408,Dalt,Pitman,Male,5/23/2013,228-666-2383,PitmanDalt408@Uni.com,Dalt408,United States,Biloxi,6 Waywood Trail,4,1,9/10/1952,1500
409,Lark,Luddy,Female,11/17/2011,407-690-0289,LuddyLark409@Uni.com,Lark409,United States,Kissimmee,3 Dryden Place,4,1,2/6/1972,1500
410,Chelsea,Moxson,Female,10/16/2012,520-263-7553,MoxsonChelsea410@Uni.com,Chelsea410,United States,Tucson,4456 Cordelia Alley,4,1,4/13/1969,1500
411,Nata,Bilsborrow,Female,8/1/1912,679-215-6154,BilsborrowNata411@Uni.com,Nata411,United Kingdom,Manchester,00 Badeau Parkway,4,1,7/7/1952,1500
412,Paulette,Arrault,Female,4/29/1936,405-391-9525,ArraultPaulette412@Uni.com,Paulette412,United States,Oklahoma City,7992 Pankratz Park,4,1,12/20/1978,1500
413,Tatiana,Abramin,Female,5/18/1932,720-831-9701,AbraminTatiana413@Uni.com,Tatiana413,United States,Denver,6 New Castle Way,4,1,2/5/1976,1500
414,Farrel,Kaasmann,Male,8/19/1964,917-178-9586,KaasmannFarrel414@Uni.com,Farrel414,United States,New York City,8124 Novick Place,4,1,9/19/1980,1500
415,Sholom,Allman,Male,9/6/1926,816-645-4992,AllmanSholom415@Uni.com,Sholom415,United States,Lees Summit,92526 Northridge Plaza,4,1,12/6/2021,1500
416,Sol,Beldam,Male,7/27/2004,256-834-9239,BeldamSol416@Uni.com,Sol416,United States,Huntsville,80 Sloan Crossing,4,1,10/19/2017,1500
417,Boot,Ealden,Male,1/25/1988,702-559-4982,EaldenBoot417@Uni.com,Boot417,United States,Las Vegas,5233 Orin Center,4,1,11/11/2016,1500
418,Con,Hearnshaw,Male,7/17/1991,616-266-8334,HearnshawCon418@Uni.com,Con418,United States,Grand Rapids,738 Di Loreto Trail,4,1,2/26/1932,1500
419,Ramona,Birkenhead,Female,5/30/1955,744-287-9527,BirkenheadRamona419@Uni.com,Ramona419,United Kingdom,Kinloch,2618 Karstens Park,4,1,4/22/1908,1500
420,Ella,MacInerney,Female,12/4/1939,405-557-2659,MacInerneyElla420@Uni.com,Ella420,United States,Oklahoma City,7 Talisman Way,4,1,10/15/1982,1500
421,Clarissa,Pughe,Female,10/24/2004,807-493-9304,PugheClarissa421@Uni.com,Clarissa421,United Kingdom,Middleton,7948 Katie Hill,4,2,1/9/2003,1500
422,Brad,Goodenough,Male,12/1/2022,202-329-3873,GoodenoughBrad422@Uni.com,Brad422,United States,Washington,2993 Independence Crossing,4,2,6/28/1978,1500
423,Penelopa,Achromov,Female,2/21/1972,586-399-1473,AchromovPenelopa423@Uni.com,Penelopa423,United States,Detroit,31037 Rigney Crossing,4,2,4/21/1923,1500
424,Gisela,Morter,Female,12/3/2011,213-129-0613,MorterGisela424@Uni.com,Gisela424,United States,Los Angeles,599 Sachs Trail,4,2,2/13/1912,1500
425,Wally,Mathivat,Male,9/12/1902,801-510-2010,MathivatWally425@Uni.com,Wally425,United States,Salt Lake City,0 Magdeline Terrace,4,2,6/30/1916,1500
426,Edita,Facey,Female,9/21/2003,452-488-7872,FaceyEdita426@Uni.com,Edita426,United Kingdom,Wirral,58 Schurz Crossing,4,2,4/18/1914,1500
427,Marice,Vance,Female,5/30/1996,875-504-4591,VanceMarice427@Uni.com,Marice427,United Kingdom,Manchester,912 Surrey Center,4,2,3/4/1953,1500
428,Greg,Elix,Male,1/28/1923,949-391-2049,ElixGreg428@Uni.com,Greg428,United States,Newport Beach,34 Kingsford Park,4,2,11/14/1991,1500
429,Devy,Duker,Male,9/22/1908,570-355-9423,DukerDevy429@Uni.com,Devy429,United States,Scranton,3249 Tennessee Street,4,2,1/27/1917,1500
430,Gray,Coytes,Female,3/18/1990,633-552-0710,CoytesGray430@Uni.com,Gray430,United Kingdom,Halton,3297 Brentwood Avenue,4,2,3/17/1963,1500
431,Fredric,Martt,Male,12/20/1989,215-723-2761,MarttFredric431@Uni.com,Fredric431,United States,Philadelphia,13 Corscot Point,4,2,2/16/2016,1500
432,Mateo,Shalcras,Male,5/17/2016,714-972-5798,ShalcrasMateo432@Uni.com,Mateo432,United States,Fullerton,40784 Clyde Gallagher Parkway,4,2,10/20/1992,1500
433,Hal,Beddin,Male,12/20/1920,239-425-5183,BeddinHal433@Uni.com,Hal433,United States,Fort Myers,1 Elgar Lane,4,2,4/21/2001,1500
434,Kaila,Minillo,Female,5/18/1976,214-245-6109,MinilloKaila434@Uni.com,Kaila434,United States,Dallas,79365 Kim Plaza,4,2,7/5/1924,1500
435,Niel,Pinar,Male,6/25/2007,478-765-3777,PinarNiel435@Uni.com,Niel435,United States,Macon,0 Manley Trail,4,2,2/18/1946,1500
436,Bess,Cowie,Female,1/11/1983,469-843-3435,CowieBess436@Uni.com,Bess436,United States,Dallas,699 Scott Pass,4,2,2/24/2022,1500
437,Lion,Cubbin,Male,10/2/2021,650-458-9786,CubbinLion437@Uni.com,Lion437,United States,Mountain View,44 Londonderry Plaza,4,2,10/27/1962,1500
438,Marys,Ferrers,Female,7/24/1949,571-940-7200,FerrersMarys438@Uni.com,Marys438,United States,Reston,23762 Northwestern Parkway,4,2,1/28/1962,1500
439,Rivkah,Chinnock,Female,3/20/1980,773-293-1272,ChinnockRivkah439@Uni.com,Rivkah439,United States,Chicago,3770 Hayes Alley,4,2,12/24/1928,1500
440,Dedra,Bothen,Female,5/17/1945,951-825-1190,BothenDedra440@Uni.com,Dedra440,United States,Corona,7 Iowa Plaza,4,2,12/16/1901,1500
441,Stanislas,Norewood,Male,4/1/1964,229-326-3522,NorewoodStanislas441@Uni.com,Stanislas441,United States,Decatur,5736 Towne Junction,4,2,9/10/1970,1500
442,Winne,Phipard-Shears,Female,5/12/1904,702-920-2543,Phipard-ShearsWinne442@Uni.com,Winne442,United States,Las Vegas,9 Moulton Crossing,4,2,4/8/2021,1500
443,Velma,Adney,Female,9/15/1935,281-326-8983,AdneyVelma443@Uni.com,Velma443,United States,Houston,90 Alpine Road,4,2,4/12/1917,1500
444,Cammy,Blum,Female,2/3/2014,812-166-7022,BlumCammy444@Uni.com,Cammy444,United States,Evansville,37 Browning Street,4,2,4/28/1999,1500
445,Nanice,Snoxill,Female,12/6/2008,314-668-7020,SnoxillNanice445@Uni.com,Nanice445,United States,Saint Louis,70 Oneill Avenue,4,2,11/14/1980,1500
446,Audry,Curnucke,Female,6/16/1936,214-570-9375,CurnuckeAudry446@Uni.com,Audry446,United States,Dallas,849 Becker Center,4,2,10/7/1923,1500
447,Ralph,Ucceli,Male,10/19/1967,321-436-0123,UcceliRalph447@Uni.com,Ralph447,United States,Melbourne,3 Oxford Avenue,4,2,9/25/1985,1500
448,Sylvan,Watsham,Male,1/23/1927,949-456-4345,WatshamSylvan448@Uni.com,Sylvan448,United States,Irvine,71273 Schurz Parkway,4,2,12/26/1937,1500
449,Corrina,Lammie,Female,10/2/1980,215-617-6423,LammieCorrina449@Uni.com,Corrina449,United States,Philadelphia,4 Farwell Lane,4,2,8/4/1907,1500
450,Dion,Bourner,Female,1/1/1990,714-873-4572,BournerDion450@Uni.com,Dion450,United States,San Jose,89 Hoepker Park,4,2,5/7/1910,1500
451,Ailis,Canner,Female,7/3/1999,904-853-4011,CannerAilis451@Uni.com,Ailis451,United States,Jacksonville,1670 Almo Center,4,2,3/3/1951,1500
452,Myrtie,Devoy,Female,5/30/1941,225-598-7689,DevoyMyrtie452@Uni.com,Myrtie452,United States,Baton Rouge,5 Russell Parkway,4,2,5/2/1971,1500
453,Lesli,Sugden,Female,6/2/1918,915-178-9048,SugdenLesli453@Uni.com,Lesli453,United States,El Paso,274 Grasskamp Avenue,4,2,8/7/1944,1500
454,Harlan,Dempster,Male,8/16/2016,513-985-6096,DempsterHarlan454@Uni.com,Harlan454,United States,Cincinnati,7765 Monterey Avenue,4,2,7/18/2022,1500
455,Jasun,Ference,Male,11/10/2000,917-737-0960,FerenceJasun455@Uni.com,Jasun455,United States,Bronx,554 Red Cloud Crossing,4,2,11/24/2018,1500
456,Augustina,Bluett,Female,2/21/1953,318-406-6214,BluettAugustina456@Uni.com,Augustina456,United States,Shreveport,59 Sachtjen Park,4,2,12/9/1972,1500
457,Broddie,Shakespeare,Male,12/18/1928,408-344-6221,ShakespeareBroddie457@Uni.com,Broddie457,United States,San Jose,25788 Rusk Center,4,2,4/23/1918,1500
458,Vivien,Downes,Female,10/30/1926,251-993-0699,DownesVivien458@Uni.com,Vivien458,United States,Mobile,5 Talmadge Way,4,2,7/30/1915,1500
459,Gray,Galia,Female,12/10/1951,602-821-6232,GaliaGray459@Uni.com,Gray459,United States,Phoenix,36105 Cottonwood Trail,4,2,2/25/1951,1500
460,Prudy,Helder,Female,6/22/1959,269-154-7530,HelderPrudy460@Uni.com,Prudy460,United States,Battle Creek,8115 Del Mar Parkway,4,2,4/26/1993,1500
461,Bevvy,Hammon,Female,7/6/1910,909-601-7197,HammonBevvy461@Uni.com,Bevvy461,United States,San Bernardino,4 Meadow Ridge Terrace,4,2,5/24/1929,1500
462,Gibby,Melmore,Male,12/11/1902,402-618-7570,MelmoreGibby462@Uni.com,Gibby462,United States,Lincoln,7 Old Shore Junction,4,2,12/29/1969,1500
463,Sharity,Laing,Female,10/15/1946,248-158-9524,LaingSharity463@Uni.com,Sharity463,United States,Farmington,00 Melrose Junction,4,2,7/21/2010,1500
464,Dick,Flanders,Male,4/9/1936,262-582-4225,FlandersDick464@Uni.com,Dick464,United States,Racine,21 Dryden Hill,4,2,11/28/2012,1500
465,Magnum,Bigglestone,Male,9/20/1906,619-305-5378,BigglestoneMagnum465@Uni.com,Magnum465,United States,San Diego,7 Oxford Lane,4,2,8/17/2001,1500
466,Lorianna,Blabey,Female,3/18/1950,302-427-6269,BlabeyLorianna466@Uni.com,Lorianna466,United States,Newark,34769 Shoshone Court,4,2,1/11/2017,1500
467,Whitney,McMillam,Female,3/6/1987,936-202-4907,McMillamWhitney467@Uni.com,Whitney467,United States,Conroe,01 Mesta Drive,4,2,12/18/2009,1500
468,Clemmy,Halt,Male,12/27/2001,937-615-5268,HaltClemmy468@Uni.com,Clemmy468,United States,Dayton,4 Hoffman Place,4,2,11/23/1969,1500
469,Enrichetta,Currall,Female,3/2/1928,212-169-4771,CurrallEnrichetta469@Uni.com,Enrichetta469,United States,New York City,7 Karstens Junction,4,2,5/26/1900,1500
470,Angelico,Dallender,Male,9/4/1943,214-226-0768,DallenderAngelico470@Uni.com,Angelico470,United States,Garland,7 Eagan Street,4,2,10/15/2013,1500
471,Eva,Petrishchev,Female,8/11/1963,334-681-9689,PetrishchevEva471@Uni.com,Eva471,United States,Montgomery,610 Fisk Circle,4,2,8/7/1908,1500
472,Aloysius,ffrench Beytagh,Male,10/6/1900,315-932-8173,ffrench BeytaghAloysius472@Uni.com,Aloysius472,United States,Rochester,3 Bartelt Way,4,2,5/18/2008,1500
473,Gabbi,Fawdrey,Female,9/4/2008,785-192-4741,FawdreyGabbi473@Uni.com,Gabbi473,United States,Topeka,824 Sutherland Park,4,2,9/24/1917,1500
474,Bernete,Meecher,Female,8/26/1997,405-302-7287,MeecherBernete474@Uni.com,Bernete474,United States,Oklahoma City,91229 Grover Way,4,2,8/18/1982,1500
475,Gabriela,Tyght,Female,10/12/1957,646-282-5482,TyghtGabriela475@Uni.com,Gabriela475,United States,New York City,4721 Melby Center,4,2,7/29/1942,1500
476,Randie,McDunlevy,Male,9/30/2012,513-805-1624,McDunlevyRandie476@Uni.com,Randie476,United States,Cincinnati,80414 Kennedy Center,4,2,10/26/1958,1500
477,Claybourne,Everiss,Male,11/10/1990,918-916-5868,EverissClaybourne477@Uni.com,Claybourne477,United States,Tulsa,172 Mesta Hill,4,2,10/21/1910,1500
478,Ingemar,Vasyukhichev,Male,1/20/1936,483-256-9194,VasyukhichevIngemar478@Uni.com,Ingemar478,United Kingdom,Aston,72095 Orin Alley,4,2,8/9/1925,1500
479,Pace,Glasner,Male,5/1/1970,480-359-0967,GlasnerPace479@Uni.com,Pace479,United States,Scottsdale,60722 Pond Pass,4,2,9/7/1961,1500
480,Bradford,Arne,Male,3/25/2008,229-754-6900,ArneBradford480@Uni.com,Bradford480,United States,Albany,7 Toban Drive,4,2,10/22/1940,1500
481,Maison,Garbutt,Male,9/22/1978,949-789-8132,GarbuttMaison481@Uni.com,Maison481,United States,Newport Beach,90 Magdeline Circle,5,1,12/5/1960,1500
482,Lorne,Greenlees,Male,12/1/1999,202-672-7665,GreenleesLorne482@Uni.com,Lorne482,United States,Washington,1 Jay Place,5,1,4/28/1901,1500
483,Clywd,Fiveash,Male,6/24/1969,692-805-6923,FiveashClywd483@Uni.com,Clywd483,United Kingdom,Burnside,77 Mifflin Parkway,5,1,5/6/1973,1500
484,Norma,Gallop,Female,12/22/1945,505-782-3394,GallopNorma484@Uni.com,Norma484,United States,Santa Fe,97520 Arrowood Parkway,5,1,10/16/2010,1500
485,Thoma,Janway,Male,7/17/1973,200-194-5920,JanwayThoma485@Uni.com,Thoma485,United Kingdom,Newtown,536 Luster Alley,5,1,1/11/2018,1500
486,Millisent,Dowey,Female,7/18/1934,205-121-1157,DoweyMillisent486@Uni.com,Millisent486,United States,Birmingham,0 Sutteridge Center,5,1,7/3/1960,1500
487,Hildagarde,Varsey,Female,8/21/1986,205-509-6384,VarseyHildagarde487@Uni.com,Hildagarde487,United States,Birmingham,8124 Novick Center,5,1,6/7/1967,1500
488,Flynn,Maha,Male,1/6/1904,828-283-9029,MahaFlynn488@Uni.com,Flynn488,United States,Asheville,4364 Gina Park,5,1,8/29/1953,1500
489,Teodora,Newcomen,Female,10/23/1966,718-129-6530,NewcomenTeodora489@Uni.com,Teodora489,United Kingdom,Craigavon,3 Moland Terrace,5,1,11/17/1907,1500
490,Eloisa,Castagna,Female,7/25/1915,214-413-7441,CastagnaEloisa490@Uni.com,Eloisa490,United States,Dallas,46336 Scoville Road,5,1,8/11/1968,1500
491,Dore,Node,Female,11/30/1945,812-214-4124,NodeDore491@Uni.com,Dore491,United States,Evansville,04423 Cardinal Place,5,1,5/3/2006,1500
492,Abbott,Chesser,Male,2/16/1951,602-130-0177,ChesserAbbott492@Uni.com,Abbott492,United States,Phoenix,4599 Superior Lane,5,1,3/20/2010,1500
493,Tedra,Engelbrecht,Female,1/15/1979,963-502-1961,EngelbrechtTedra493@Uni.com,Tedra493,United Kingdom,Upton,31 Eliot Avenue,5,1,1/10/1941,1500
494,Abbott,Wolfarth,Male,2/22/1935,770-641-5146,WolfarthAbbott494@Uni.com,Abbott494,United States,Atlanta,0 Nobel Crossing,5,1,9/5/2019,1500
495,Goran,Topliss,Male,10/23/2008,330-424-0919,ToplissGoran495@Uni.com,Goran495,United States,Youngstown,29 Park Meadow Way,5,1,11/27/1952,1500
496,Linc,Thridgould,Male,2/8/1988,515-902-3383,ThridgouldLinc496@Uni.com,Linc496,United States,Des Moines,06 Eagan Park,5,1,6/26/1958,1500
497,Jocko,Pessler,Male,9/26/1955,404-112-9122,PesslerJocko497@Uni.com,Jocko497,United States,Atlanta,016 Fieldstone Way,5,1,12/5/1979,1500
498,Cathlene,Sellens,Female,10/19/1979,254-929-6461,SellensCathlene498@Uni.com,Cathlene498,United States,Waco,887 Schlimgen Pass,5,1,12/23/1941,1500
499,Huntley,Rockell,Male,12/2/1921,775-746-7051,RockellHuntley499@Uni.com,Huntley499,United States,Sparks,3560 Moulton Park,5,1,12/22/1913,1500
500,Shannen,Ericsson,Female,2/6/2019,303-756-7124,EricssonShannen500@Uni.com,Shannen500,United States,Denver,6 Hintze Trail,5,1,9/24/1904,1500
501,Nicky,Gazey,Female,6/17/1937,904-322-8423,GazeyNicky501@Uni.com,Nicky501,United States,Jacksonville,81 Mifflin Center,5,1,3/27/1969,1500
502,Addia,Le Gall,Female,10/4/1941,530-746-8254,Le GallAddia502@Uni.com,Addia502,United States,Sacramento,42 Canary Point,5,1,5/11/1918,1500
503,Iseabal,Elven,Female,4/1/1947,386-632-2626,ElvenIseabal503@Uni.com,Iseabal503,United States,Daytona Beach,862 Mitchell Park,5,1,4/29/1993,1500
504,Fred,Muselli,Female,5/29/2000,561-553-1457,MuselliFred504@Uni.com,Fred504,United States,Boca Raton,8 Green Ridge Road,5,1,11/1/1934,1500
505,Tallulah,Skiggs,Female,5/8/1968,202-935-3987,SkiggsTallulah505@Uni.com,Tallulah505,United States,Washington,39 Alpine Terrace,5,1,10/13/1947,1500
506,Butch,Cattach,Male,2/28/1931,648-510-6651,CattachButch506@Uni.com,Butch506,United Kingdom,Ford,49169 Shelley Park,5,1,10/1/2019,1500
507,Yvor,Snowsill,Male,3/8/2016,434-167-2861,SnowsillYvor507@Uni.com,Yvor507,United States,Lynchburg,91 High Crossing Hill,5,1,5/30/1966,1500
508,Odelia,Woolsey,Female,6/24/1990,605-573-8035,WoolseyOdelia508@Uni.com,Odelia508,United States,Sioux Falls,2 Nobel Crossing,5,1,7/10/2018,1500
509,Felike,Chatfield,Male,10/20/1909,571-327-5854,ChatfieldFelike509@Uni.com,Felike509,United States,Springfield,129 Del Mar Way,5,1,6/11/2021,1500
510,Ring,Westcott,Male,1/30/1986,612-221-7772,WestcottRing510@Uni.com,Ring510,United States,Minneapolis,24617 Thierer Road,5,1,4/12/1976,1500
511,Berkley,Ruddom,Male,2/20/1949,141-186-4594,RuddomBerkley511@Uni.com,Berkley511,United Kingdom,Glasgow,4908 Dwight Way,5,1,1/23/1904,1500
512,Otto,Gettens,Male,6/24/2009,405-371-3503,GettensOtto512@Uni.com,Otto512,United States,Oklahoma City,72 Macpherson Hill,5,1,1/24/2011,1500
513,Rollins,MacKilroe,Male,5/4/1990,901-796-6448,MacKilroeRollins513@Uni.com,Rollins513,United States,Memphis,4 Merrick Avenue,5,1,10/4/1937,1500
514,Kelwin,Charker,Male,2/16/1904,209-862-6519,CharkerKelwin514@Uni.com,Kelwin514,United States,Stockton,9796 Stephen Lane,5,1,7/21/1947,1500
515,Waverley,Jakel,Male,8/22/1921,626-690-4411,JakelWaverley515@Uni.com,Waverley515,United States,Pasadena,8592 Arizona Road,5,1,8/26/1993,1500
516,Joletta,Filippov,Female,8/28/1996,941-462-9462,FilippovJoletta516@Uni.com,Joletta516,United States,Bradenton,35216 Fieldstone Street,5,1,3/6/1932,1500
517,Arlen,Gerrey,Male,5/2/2004,304-959-1896,GerreyArlen517@Uni.com,Arlen517,United States,Charleston,1 Melody Alley,5,1,4/3/1985,1500
518,Leeann,Hazelton,Female,1/18/1954,588-180-6732,HazeltonLeeann518@Uni.com,Leeann518,United Kingdom,Wirral,74133 Village Green Drive,5,1,10/31/1932,1500
519,Edsel,McClaren,Male,3/17/1903,202-242-2553,McClarenEdsel519@Uni.com,Edsel519,United States,Washington,78 Bayside Trail,5,1,4/22/1906,1500
520,Constantino,Goose,Male,5/3/1949,618-544-7330,GooseConstantino520@Uni.com,Constantino520,United Kingdom,Carlton,40422 Caliangt Trail,5,1,2/15/2022,1500
521,Thain,Linsay,Male,8/1/2008,407-940-5821,LinsayThain521@Uni.com,Thain521,United States,Orlando,893 Monument Park,6,1,10/1/1928,1500
522,Giovanna,O'Concannon,Female,9/19/1919,775-183-4861,O'ConcannonGiovanna522@Uni.com,Giovanna522,United States,Carson City,831 Anderson Crossing,6,1,8/10/1955,1500
523,Alonso,Trevor,Male,7/3/1942,246-180-7115,TrevorAlonso523@Uni.com,Alonso523,United Kingdom,Birmingham,4 Nelson Crossing,6,1,7/18/1984,1500
524,Tricia,Tomasini,Female,12/25/1939,402-882-2852,TomasiniTricia524@Uni.com,Tricia524,United States,Omaha,304 Division Trail,6,1,7/30/1979,1500
525,Kara,Endecott,Female,8/15/1919,972-272-6245,EndecottKara525@Uni.com,Kara525,United States,Mesquite,12712 Almo Parkway,6,1,10/7/1977,1500
526,Bartholomeus,Baldry,Male,10/1/2016,412-176-2853,BaldryBartholomeus526@Uni.com,Bartholomeus526,United States,Pittsburgh,899 Glacier Hill Lane,6,1,3/9/1944,1500
527,Elli,Cockrem,Female,6/30/1965,202-523-8448,CockremElli527@Uni.com,Elli527,United States,Washington,286 Union Plaza,6,1,12/19/1953,1500
528,Dierdre,Jenoure,Female,5/6/1924,571-806-5468,JenoureDierdre528@Uni.com,Dierdre528,United States,Arlington,361 Dwight Plaza,6,1,5/27/2012,1500
529,Frasco,Pudden,Male,11/21/1933,404-206-5402,PuddenFrasco529@Uni.com,Frasco529,United States,Atlanta,48 Northwestern Center,6,1,3/27/1940,1500
530,Shellysheldon,Olivari,Male,12/17/1964,318-823-7909,OlivariShellysheldon530@Uni.com,Shellysheldon530,United States,Shreveport,911 Esker Street,6,1,10/12/2004,1500
531,Zebadiah,Ellph,Male,8/20/1999,814-563-2128,EllphZebadiah531@Uni.com,Zebadiah531,United States,Erie,183 Kim Point,6,1,3/12/2020,1500
532,Corine,Sands,Female,1/1/1925,516-937-4337,SandsCorine532@Uni.com,Corine532,United States,Hicksville,765 Burning Wood Junction,6,1,10/28/2015,1500
533,Aron,Reignould,Male,6/21/2005,520-143-2380,ReignouldAron533@Uni.com,Aron533,United States,Tucson,143 Oxford Trail,6,1,7/2/1954,1500
534,Freeland,Lillo,Male,2/2/2000,727-816-0062,LilloFreeland534@Uni.com,Freeland534,United States,Saint Petersburg,857 Melby Trail,6,1,8/24/2010,1500
535,Pier,Caren,Female,6/27/1967,545-877-8913,CarenPier535@Uni.com,Pier535,United Kingdom,Walton,3160 Gina Way,6,1,5/9/1973,1500
536,Zack,Clayden,Male,8/21/2019,812-963-0217,ClaydenZack536@Uni.com,Zack536,United States,Terre Haute,98 Novick Circle,6,1,10/17/2004,1500
537,Karolina,Babbage,Female,5/20/1904,954-466-9738,BabbageKarolina537@Uni.com,Karolina537,United States,Fort Lauderdale,7 Buell Point,6,1,4/30/1987,1500
538,Aubrey,Brandrick,Male,8/23/1955,303-358-9410,BrandrickAubrey538@Uni.com,Aubrey538,United States,Denver,18 Ohio Alley,6,1,10/3/1948,1500
539,Marci,Attarge,Female,5/3/1903,704-595-3867,AttargeMarci539@Uni.com,Marci539,United States,Charlotte,812 Dwight Hill,6,1,8/4/1999,1500
540,Fiona,Pevreal,Female,11/5/2022,901-367-6430,PevrealFiona540@Uni.com,Fiona540,United States,Memphis,7 Prairieview Junction,6,1,2/20/1980,1500
541,Raymond,Sackey,Male,9/8/1921,256-569-4755,SackeyRaymond541@Uni.com,Raymond541,United States,Huntsville,31 Bonner Point,6,1,7/21/1947,1500
542,Adria,Greenslade,Female,8/28/2017,904-469-4894,GreensladeAdria542@Uni.com,Adria542,United States,Saint Augustine,3 Rutledge Street,6,1,8/29/1907,1500
543,Dyanne,Czaple,Female,1/2/1912,310-692-7461,CzapleDyanne543@Uni.com,Dyanne543,United States,Fresno,13 Surrey Pass,6,1,9/9/1979,1500
544,Robbyn,Walkowski,Female,8/28/1958,775-899-9983,WalkowskiRobbyn544@Uni.com,Robbyn544,United States,Reno,75324 Clove Crossing,6,1,1/9/2002,1500
545,Garrott,Paradine,Male,11/19/1943,763-447-4966,ParadineGarrott545@Uni.com,Garrott545,United States,Monticello,8 Manley Circle,6,1,11/26/1940,1500
546,See,Playhill,Male,12/4/1992,703-937-0894,PlayhillSee546@Uni.com,See546,United States,Reston,5326 Northwestern Circle,6,1,2/18/1919,1500
547,Aldin,Titterrell,Male,6/6/1959,617-454-5759,TitterrellAldin547@Uni.com,Aldin547,United States,Boston,1 Boyd Hill,6,1,8/25/1929,1500
548,Analiese,McBain,Female,6/13/2015,304-871-0208,McBainAnaliese548@Uni.com,Analiese548,United States,Huntington,63328 Fair Oaks Road,6,1,11/12/1978,1500
549,Zoe,Judron,Female,7/10/2002,910-821-8934,JudronZoe549@Uni.com,Zoe549,United States,Wilmington,9 Pond Point,6,1,6/9/1955,1500
550,Nana,Stears,Female,1/18/1990,720-794-5402,StearsNana550@Uni.com,Nana550,United Kingdom,Kinloch,167 Old Shore Terrace,6,1,8/24/1996,1500
551,Lia,Mawd,Female,7/15/1993,540-806-3854,MawdLia551@Uni.com,Lia551,United States,Roanoke,904 6th Drive,6,1,5/14/1979,1500
552,Olenka,Essberger,Female,4/10/1970,202-698-1763,EssbergerOlenka552@Uni.com,Olenka552,United States,Washington,39 Melody Hill,6,1,8/9/1993,1500
553,Ruthe,Errington,Female,4/23/1954,423-100-4071,ErringtonRuthe553@Uni.com,Ruthe553,United States,Chattanooga,8 Orin Center,6,1,8/15/1921,1500
554,Ferdinand,Plaister,Male,4/28/1972,850-170-1476,PlaisterFerdinand554@Uni.com,Ferdinand554,United States,Pensacola,0387 2nd Parkway,6,1,5/5/1987,1500
555,Madel,Dennerly,Female,12/13/1902,212-692-6179,DennerlyMadel555@Uni.com,Madel555,United States,Brooklyn,79984 Hoard Park,6,1,2/16/1974,1500
556,Willdon,Densie,Male,4/18/2020,239-630-3016,DensieWilldon556@Uni.com,Willdon556,United States,Naples,42 Barnett Point,6,1,4/4/1901,1500
557,Sharon,Suscens,Female,8/13/1963,415-243-0871,SuscensSharon557@Uni.com,Sharon557,United States,San Francisco,861 Sutherland Park,6,1,11/14/2002,1500
558,Kynthia,Gashion,Female,9/11/1956,989-284-9792,GashionKynthia558@Uni.com,Kynthia558,United States,Saginaw,1002 Eastlawn Junction,6,1,4/29/2017,1500
559,Maynord,Ahearne,Male,9/4/2005,202-869-7726,AhearneMaynord559@Uni.com,Maynord559,United States,Washington,76751 Haas Drive,6,1,1/4/1982,1500
560,Barbabas,Lynnett,Male,10/31/1973,619-747-2035,LynnettBarbabas560@Uni.com,Barbabas560,United States,San Diego,26 Debra Avenue,6,1,1/2/2003,1500
561,Bathsheba,Descroix,Female,10/15/1913,713-197-8396,DescroixBathsheba561@Uni.com,Bathsheba561,United States,Houston,71 Lakewood Plaza,7,1,5/18/1908,1500
562,Baryram,O'Logan,Male,3/10/2011,513-648-2316,O'LoganBaryram562@Uni.com,Baryram562,United States,Cincinnati,217 Corben Road,7,1,6/15/1997,1500
563,Drew,Cassius,Male,1/2/1985,561-505-1065,CassiusDrew563@Uni.com,Drew563,United States,West Palm Beach,25803 Golf Avenue,7,1,12/3/1924,1500
564,Rinaldo,Stannard,Male,9/20/1986,520-194-4846,StannardRinaldo564@Uni.com,Rinaldo564,United States,Tucson,03 Luster Street,7,1,5/7/1934,1500
565,Suellen,Garbutt,Female,3/3/1963,303-178-5429,GarbuttSuellen565@Uni.com,Suellen565,United States,Denver,79 Hovde Hill,7,1,4/2/2009,1500
566,Kassie,Skurray,Female,12/30/1900,903-620-6362,SkurrayKassie566@Uni.com,Kassie566,United States,Tyler,8410 Morning Hill,7,1,6/7/1918,1500
567,Bay,Mennell,Male,11/8/2018,214-332-5555,MennellBay567@Uni.com,Bay567,United States,Irving,86 Moose Center,7,1,6/3/1903,1500
568,Alphonso,Caudle,Male,8/2/1924,314-150-9312,CaudleAlphonso568@Uni.com,Alphonso568,United States,Saint Louis,4682 Gina Hill,7,1,4/10/2006,1500
569,Francois,Parmeter,Male,5/25/1972,690-457-1213,ParmeterFrancois569@Uni.com,Francois569,United Kingdom,West End,796 Anthes Street,7,1,8/21/1978,1500
570,Babbette,Stitch,Female,10/10/2014,210-156-1525,StitchBabbette570@Uni.com,Babbette570,United States,San Antonio,210 Dryden Court,7,1,1/1/1930,1500
571,Dorian,McCahill,Male,5/16/1930,616-487-0580,McCahillDorian571@Uni.com,Dorian571,United States,Grand Rapids,67426 Farragut Pass,7,1,9/25/2017,1500
572,Waly,Tunbridge,Female,5/9/1970,314-177-5230,TunbridgeWaly572@Uni.com,Waly572,United States,Saint Louis,363 Clemons Point,7,1,9/21/1979,1500
573,Lynett,Stive,Female,3/9/1969,323-490-6468,StiveLynett573@Uni.com,Lynett573,United States,Burbank,80 Coolidge Alley,7,1,5/23/1979,1500
574,Galvin,Barrowclough,Male,10/3/1904,407-266-2977,BarrowcloughGalvin574@Uni.com,Galvin574,United States,Orlando,2362 Little Fleur Crossing,7,1,3/24/1979,1500
575,Cassondra,Rouff,Female,1/18/1968,719-636-2059,RouffCassondra575@Uni.com,Cassondra575,United States,Colorado Springs,347 3rd Pass,7,1,5/3/1946,1500
576,Leighton,Hagwood,Male,7/1/1962,678-252-7289,HagwoodLeighton576@Uni.com,Leighton576,United States,Atlanta,2266 Commercial Park,7,1,7/30/1945,1500
577,Chaddy,Kapelhof,Male,7/11/1984,317-249-0627,KapelhofChaddy577@Uni.com,Chaddy577,United States,Indianapolis,0 Helena Terrace,7,1,3/4/1956,1500
578,Reid,Aronoff,Male,9/24/1923,494-865-4157,AronoffReid578@Uni.com,Reid578,United Kingdom,Newtown,87 Troy Court,7,1,6/17/1996,1500
579,Val,Hanington,Male,6/16/1926,864-205-2711,HaningtonVal579@Uni.com,Val579,United States,Greenville,673 Delladonna Alley,7,1,11/8/2014,1500
580,Joya,Richardon,Female,5/5/1942,853-341-8672,RichardonJoya580@Uni.com,Joya580,United Kingdom,Walton,8172 Waxwing Lane,7,1,9/23/2009,1500
581,Gordie,Rime,Male,1/17/1922,219-363-1016,RimeGordie581@Uni.com,Gordie581,United States,Gary,91521 Rockefeller Lane,7,1,7/15/1918,1500
582,Flossi,Limon,Female,1/19/2015,209-207-9719,LimonFlossi582@Uni.com,Flossi582,United States,Fresno,43 Waxwing Way,7,1,3/29/1984,1500
583,Issi,Sehorsch,Female,9/6/1991,907-268-6399,SehorschIssi583@Uni.com,Issi583,United States,Anchorage,938 Sullivan Road,7,1,10/6/1972,1500
584,Zandra,Scuse,Female,1/14/1984,520-962-7761,ScuseZandra584@Uni.com,Zandra584,United States,Tucson,54104 Hooker Road,7,1,7/24/1967,1500
585,Christina,Churly,Female,10/16/1912,405-120-3840,ChurlyChristina585@Uni.com,Christina585,United States,Oklahoma City,82725 Forest Dale Drive,7,1,3/7/2019,1500
586,Mabelle,Jorioz,Female,12/20/1996,206-243-4746,JoriozMabelle586@Uni.com,Mabelle586,United States,Milwaukee,4 Nancy Center,7,1,10/7/1951,1500
587,Patty,Husk,Male,4/3/1957,706-241-4309,HuskPatty587@Uni.com,Patty587,United States,Columbus,67 Schurz Center,7,1,7/16/2001,1500
588,Luciano,Tweedy,Male,10/5/1901,973-224-3195,TweedyLuciano588@Uni.com,Luciano588,United States,Paterson,9707 Leroy Place,7,1,10/28/2012,1500
589,Shanan,Crimmins,Male,3/18/2003,575-252-6794,CrimminsShanan589@Uni.com,Shanan589,United Kingdom,Norton,6 Mayfield Lane,7,1,3/6/1938,1500
590,Lonny,Lyste,Male,6/15/1949,419-495-3480,LysteLonny590@Uni.com,Lonny590,United States,Toledo,19089 Clove Place,7,1,6/26/1962,1500
591,Letty,Zeplin,Female,3/22/1908,727-658-8693,ZeplinLetty591@Uni.com,Letty591,United States,Saint Petersburg,1424 Buhler Hill,7,1,9/3/2014,1500
592,Benedetto,Worling,Male,6/1/1924,404-533-2781,WorlingBenedetto592@Uni.com,Benedetto592,United States,Atlanta,8160 Carey Way,7,1,5/30/1920,1500
593,Roobbie,Seid,Female,10/17/2015,585-356-7021,SeidRoobbie593@Uni.com,Roobbie593,United States,Rochester,953 Northland Avenue,7,1,3/14/1946,1500
594,Etta,Linder,Female,5/28/1954,559-415-9163,LinderEtta594@Uni.com,Etta594,United States,Fresno,64 Westridge Crossing,7,1,7/9/2012,1500
595,Nat,Costain,Female,2/25/1991,318-998-2498,CostainNat595@Uni.com,Nat595,United States,Monroe,84 Mallard Circle,7,1,11/30/1930,1500
596,Claudell,Adrian,Male,7/11/1983,918-204-9850,AdrianClaudell596@Uni.com,Claudell596,United States,Tulsa,7441 Walton Way,7,1,1/18/1930,1500
597,Kain,Dax,Male,2/15/1985,303-640-4995,DaxKain597@Uni.com,Kain597,United States,Littleton,2 Hallows Road,7,1,12/20/1975,1500
598,Elisabetta,Ford,Female,2/11/1906,305-317-1094,FordElisabetta598@Uni.com,Elisabetta598,United States,Miami,70 Nova Plaza,7,1,5/29/2000,1500
599,Brynn,Glidder,Female,5/31/1913,217-693-9592,GlidderBrynn599@Uni.com,Brynn599,United States,Springfield,763 Chive Parkway,7,1,10/25/1927,1500
600,Aili,Dabbs,Female,6/1/1962,804-777-0981,DabbsAili600@Uni.com,Aili600,United States,Richmond,29272 Eastlawn Road,7,1,6/15/2022,1500
